,average_area,average_grey,b,g,len,max_area,num_cnt,r,wid,geometry_class,colour_class,overall_class
0,0.002843475341796875,6.1422271728515625,0.02408716455101967,0.02408716455101967,256,0.00826263427734375,20,0.02408716455101967,256,0,0,0
1,0.001648161146375868,9.018600463867188,0.03536706417798996,0.03536706417798996,256,0.00421905517578125,36,0.03536706417798996,256,0,0,0
2,0.006824137369791666,93.07437744140626,0.7569606900215149,0.6047958731651306,256,0.031854248046875,45,0.6953128576278687,320,0,1,1
3,0.004652145673643868,81.21519775390625,0.8026361465454102,0.6629103422164917,256,0.033123779296875,53,0.702836811542511,320,0,2,2
4,0.00826873779296875,92.98736572265625,0.7866231203079224,0.6049494743347168,256,0.021551513671875,8,0.6867510676383972,320,0,1,1
5,0.0023911420036764708,15.24249267578125,0.059774480760097504,0.059774480760097504,256,0.00617218017578125,17,0.059774480760097504,256,0,0,0
6,0.004529708471053686,16.667800903320312,0.06536392867565155,0.06536392867565155,256,0.0222320556640625,39,0.06536392867565155,256,0,0,0
7,0.011758830589849108,10.765439814814815,0.04221741482615471,0.04221741482615471,360,0.02677854938271605,18,0.04221741482615471,360,0,0,0
8,0.0014308582652698863,16.871002197265625,0.06616079807281494,0.06616079807281494,256,0.00348663330078125,11,0.06616079807281494,256,0,0,0
9,0.013118141289437587,11.848765432098766,0.04646574705839157,0.04646574705839157,360,0.030362654320987652,18,0.04646574705839157,360,0,0,0
10,0.011311026936026937,10.967121913580247,0.04300832375884056,0.04300832375884056,360,0.028152006172839507,22,0.04300832375884056,360,0,0,0
11,0.0019478028068141125,41.00371314564398,0.16079887747764587,0.16079887747764587,260,0.014037907337619154,78,0.16079887747764587,347,0,0,0
12,0.0020127227340919385,17.42462158203125,0.06833185255527496,0.06833185255527496,256,0.00644683837890625,69,0.06833185255527496,256,0,0,0
13,0.002971013387044271,17.616775512695312,0.06908539682626724,0.06908539682626724,256,0.00647735595703125,24,0.06908539682626724,256,0,0,0
14,0.011967592592592594,8.93273148148148,0.035030316561460495,0.035030316561460495,360,0.036238425925925924,19,0.035030316561460495,360,0,0,0
15,0.001558685302734375,19.130477905273438,0.07502149045467377,0.07502149045467377,256,0.00688934326171875,20,0.07502149045467377,256,0,0,0
16,0.003363037109375,6.3853607177734375,0.025040632113814354,0.025040632113814354,256,0.00894927978515625,15,0.025040632113814354,256,0,0,0
17,0.009567901234567902,13.1608487654321,0.05161118134856224,0.05161118134856224,360,0.03402391975308642,26,0.05161118134856224,360,0,0,0
18,0.0017522176106770833,4.8692779541015625,0.01909520849585533,0.01909520849585533,256,0.00429534912109375,9,0.01909520849585533,256,0,0,0
19,0.0012054443359375,13.656173706054688,0.05355362594127655,0.05355362594127655,256,0.00152587890625,5,0.05355362594127655,256,0,0,0
20,0.0019335065569196428,4.10321044921875,0.01609102077782154,0.01609102077782154,256,0.0025787353515625,7,0.01609102077782154,256,0,0,0
21,0.0013359917990128597,44.637524867374005,0.17504911124706268,0.17504911124706268,520,0.01791556145004421,158,0.17504911124706268,696,2,0,6
22,0.0076061671239140375,11.913171296296296,0.04671832546591759,0.04671832546591759,360,0.02381944444444444,27,0.04671832546591759,360,0,0,0
23,0.0007647430687619929,49.97259044647217,0.8040288090705872,0.8040288090705872,1024,0.042792320251464844,285,0.8040288090705872,1024,1,2,5
24,0.0021144321986607145,13.53997802734375,0.05309795215725899,0.05309795215725899,256,0.0035400390625,7,0.05309795215725899,256,0,0,0
25,0.0004989819023936701,39.509684562683105,0.8450600504875183,0.8450600504875183,1024,0.03156852722167969,313,0.8450600504875183,1024,1,2,5
26,0.0008875528971354166,19.444366455078125,0.07625243067741394,0.07625243067741394,256,0.0032501220703125,48,0.07625243067741394,256,0,0,0
27,0.003105426656788793,8.581192016601562,0.03365173935890198,0.03365173935890198,256,0.011016845703125,29,0.03365173935890198,256,0,0,0
28,0.002968682183159722,15.459991455078125,0.060627419501543045,0.060627419501543045,256,0.005096435546875,9,0.060627419501543045,256,0,0,0
29,0.0009098301124163192,10.70725298408488,0.04198922961950302,0.04198922961950302,520,0.0014050066312997348,7,0.04198922961950302,696,2,0,6
30,0.00257110595703125,14.61944580078125,0.057331159710884094,0.057331159710884094,256,0.002685546875,5,0.057331159710884094,256,0,0,0
31,0.0009725744074041194,17.719894409179688,0.06948979198932648,0.06948979198932648,256,0.003509521484375,44,0.06948979198932648,256,0,0,0
32,0.0028667449951171875,95.056591796875,0.812455952167511,0.594402015209198,256,0.008380126953125,32,0.674965500831604,320,0,1,1
33,0.0037968412358710107,12.757980346679688,0.05003129690885544,0.05003129690885544,256,0.01213836669921875,47,0.05003129690885544,256,0,0,0
34,0.007314828725961539,79.27388916015624,0.8041434288024902,0.6633425951004028,256,0.050177001953125,39,0.7367708086967468,320,0,2,2
35,0.00299560546875,16.7257080078125,0.06559101492166519,0.06559101492166519,256,0.006500244140625,25,0.06559101492166519,256,0,0,0
36,0.012601080246913579,8.978248456790123,0.035208817571401596,0.035208817571401596,360,0.031581790123456785,20,0.035208817571401596,360,0,0,0
37,0.009048924301609848,120.16903076171874,0.774736225605011,0.4825116991996765,256,0.114263916015625,33,0.6012760996818542,320,0,1,1
38,0.003330089427806713,9.662872314453125,0.037893619388341904,0.037893619388341904,256,0.01633453369140625,27,0.037893619388341904,256,0,0,0
39,0.0025972806490384614,92.18580322265625,0.8170196413993835,0.6061803698539734,256,0.011480712890625,26,0.6870201230049133,320,0,1,1
40,0.006036802779796511,89.13406982421876,0.7648144960403442,0.6296794414520264,256,0.03262939453125,43,0.681412398815155,320,0,1,1
41,0.0034453780562789353,20.5262451171875,0.08049508929252625,0.08049508929252625,256,0.0092315673828125,27,0.08049508929252625,256,0,0,0
42,0.0016206698079725035,55.88030227674624,0.2191384732723236,0.2191384732723236,520,0.021245026525198937,142,0.2191384732723236,696,2,0,6
43,0.014104754556143444,13.003132716049382,0.05099267512559891,0.05099267512559891,360,0.041165123456790124,21,0.05099267512559891,360,0,0,0
44,0.00254058837890625,18.150497436523438,0.07117842882871628,0.07117842882871628,256,0.00399017333984375,21,0.07117842882871628,256,0,0,0
45,0.0016499887666507225,6.840442639257295,0.02682526223361492,0.02682526223361492,520,0.003938715738284704,61,0.02682526223361492,696,2,0,6
46,0.0017973581949869792,4.407684326171875,0.01728503778576851,0.01728503778576851,256,0.00274658203125,12,0.01728503778576851,256,0,0,0
47,0.001663133555195337,31.213138262599468,0.12240447103977203,0.12240447103977203,520,0.008338859416445623,108,0.12240447103977203,696,2,0,6
48,0.0011176437628073771,26.6923828125,0.1046760231256485,0.1046760231256485,256,0.00533294677734375,61,0.1046760231256485,256,0,0,0
49,0.0027398471174568963,96.7177734375,0.8088639378547668,0.5862067937850952,256,0.008001708984375,29,0.6733635067939758,320,0,1,1
50,0.001708984375,4.6831512451171875,0.018365299329161644,0.018365299329161644,256,0.00284576416015625,10,0.018365299329161644,256,0,0,0
51,0.00233612060546875,4.3586883544921875,0.01709289662539959,0.01709289662539959,256,0.00797271728515625,15,0.01709289662539959,256,0,0,0
52,0.012206861707899305,100.9309814453125,0.7524462938308716,0.3260023593902588,256,0.356365966796875,36,0.5101170539855957,320,0,1,1
53,0.0008370314972310127,5.061175537109375,0.019847746938467026,0.019847746938467026,512,0.01123046875,79,0.019847746938467026,640,2,0,6
54,0.013727054905782977,9.125586419753086,0.03578661009669304,0.03578661009669304,360,0.03037808641975309,19,0.03578661009669304,360,0,0,0
55,0.004802734375,68.646630859375,0.7930607795715332,0.7211989760398865,256,0.02000732421875,25,0.7417575120925903,320,0,2,2
56,0.001705717653993516,28.632056808134394,0.11228258162736893,0.11228258162736893,520,0.009969053934571176,126,0.11228258162736893,696,2,0,6
57,0.011259077705156136,8.972175925925926,0.03518500179052353,0.03518500179052353,360,0.032874228395061725,17,0.03518500179052353,360,0,0,0
58,0.004969926313920454,70.0248046875,0.791107177734375,0.7111689448356628,256,0.02587890625,33,0.750860333442688,320,0,2,2
59,0.0019998550415039062,3.2757720947265625,0.012846164405345917,0.012846164405345917,256,0.00411224365234375,8,0.012846164405345917,256,0,0,0
60,0.002254062228732639,5.049407958984375,0.01980159990489483,0.01980159990489483,256,0.00368499755859375,9,0.01980159990489483,256,0,0,0
61,0.001888578375647341,10.258595822281167,0.040229786187410355,0.040229786187410355,520,0.009405393457117595,140,0.040229786187410355,696,2,0,6
62,0.0012902153862847222,4.7979736328125,0.018815582618117332,0.018815582618117332,256,0.00189208984375,9,0.018815582618117332,256,0,0,0
63,0.0010437263885539748,26.40374944739169,0.10354413092136383,0.10354413092136383,520,0.043314820954907164,55,0.10354413092136383,696,2,0,6
64,0.001991603108317806,49.49873642207936,0.19411270320415497,0.19411270320415497,260,0.01884837064952339,74,0.19411270320415497,347,0,0,0
65,0.0007778601212935014,37.2323637008667,0.8539907336235046,0.8539907336235046,1024,0.045238494873046875,165,0.8539907336235046,1024,1,2,5
66,0.009953703703703704,11.032283950617284,0.04326386749744415,0.04326386749744415,360,0.0227662037037037,22,0.04326386749744415,360,0,0,0
67,0.0010736638849431818,13.63067626953125,0.053453631699085236,0.053453631699085236,256,0.00286102294921875,11,0.053453631699085236,256,0,0,0
68,0.0022023518880208335,16.592376708984375,0.06506814807653427,0.06506814807653427,256,0.00466156005859375,12,0.06506814807653427,256,0,0,0
69,0.00046275012506114595,47.820523262023926,0.812468409538269,0.812468409538269,1024,0.06977176666259766,551,0.812468409538269,1024,1,2,5
70,0.001731819186560566,8.467965296198054,0.03320771083235741,0.03320771083235741,520,0.005096430150309461,75,0.03320771083235741,696,2,0,6
71,0.0018300765599959935,12.550262451171875,0.04921671748161316,0.04921671748161316,256,0.00490570068359375,39,0.04921671748161316,256,0,0,0
72,0.014609182098765432,12.977916666666667,0.050893791019916534,0.050893791019916534,360,0.03777006172839506,20,0.050893791019916534,360,0,0,0
73,0.002942171963778409,14.72589111328125,0.057748597115278244,0.057748597115278244,256,0.0052642822265625,11,0.057748597115278244,256,0,0,0
74,0.001388888888888889,25.641311645507812,0.10055417567491531,0.10055417567491531,256,0.0051727294921875,45,0.10055417567491531,256,0,0,0
75,0.001585975387160732,11.738016688771,0.04603143408894539,0.04603143408894539,520,0.006791556145004421,132,0.04603143408894539,696,2,0,6
76,0.003678265739889706,49.0119873046875,0.8398962020874023,0.8051332235336304,256,0.01810302734375,17,0.8056257367134094,320,0,2,2
77,0.0014784071180555555,8.88092041015625,0.03482713922858238,0.03482713922858238,256,0.004058837890625,27,0.03482713922858238,256,0,0,0
78,0.0020926339285714285,4.3254852294921875,0.0169626884162426,0.0169626884162426,256,0.0061798095703125,7,0.0169626884162426,256,0,0,0
79,0.0024118423461914062,15.226348876953125,0.05971117317676544,0.05971117317676544,256,0.00319671630859375,8,0.05971117317676544,256,0,0,0
80,0.004427083333333333,104.34970703125,0.7819300889968872,0.5531856417655945,256,0.03104248046875,30,0.6528807282447815,320,0,1,1
81,0.002094268798828125,15.612319946289062,0.06122478097677231,0.06122478097677231,256,0.002410888671875,6,0.06122478097677231,256,0,0,0
82,0.0017634073893229166,5.24896240234375,0.020584166049957275,0.020584166049957275,256,0.00308990478515625,15,0.020584166049957275,256,0,0,0
83,0.00406547214673913,58.4063720703125,0.8109060525894165,0.760295033454895,256,0.025823974609375,23,0.7934053540229797,320,0,2,2
84,0.002227783203125,4.8688812255859375,0.019093651324510574,0.019093651324510574,256,0.00511932373046875,8,0.019093651324510574,256,0,0,0
85,0.012659185453569512,10.266635802469136,0.040261320769786835,0.040261320769786835,360,0.04572145061728395,23,0.040261320769786835,360,0,0,0
86,0.001568900714971789,12.130702917771883,0.047571390867233276,0.047571390867233276,520,0.007852564102564102,139,0.047571390867233276,696,2,0,6
87,0.0010081875708795364,18.93389892578125,0.07425058633089066,0.07425058633089066,256,0.00443267822265625,62,0.07425058633089066,256,0,0,0
88,0.0010430472237723215,15.599044799804688,0.0611727274954319,0.0611727274954319,256,0.002777099609375,14,0.0611727274954319,256,0,0,0
89,0.0005779354202333644,4.218708605817871,0.016543954610824585,0.016543954610824585,603,0.12705536781501298,238,0.016543954610824585,1272,1,0,3
90,0.001085725377817623,3.5022186279296874,0.013734191656112671,0.013734191656112671,512,0.0144439697265625,61,0.013734191656112671,640,2,0,6
91,0.0014208511567451584,6.601864624023437,0.025889668613672256,0.025889668613672256,512,0.01385498046875,71,0.025889668613672256,640,2,0,6
92,0.0013938777139208174,20.814268346595934,0.0816246047616005,0.0816246047616005,520,0.0037135278514588864,90,0.0816246047616005,696,2,0,6
93,0.0016851425170898438,4.0098724365234375,0.015724990516901016,0.015724990516901016,256,0.0040740966796875,8,0.015724990516901016,256,0,0,0
94,0.001140795255962171,25.13775634765625,0.09857944399118423,0.09857944399118423,256,0.0048065185546875,38,0.09857944399118423,256,0,0,0
95,0.002384239519146127,107.327978515625,0.8013147115707397,0.5385511517524719,256,0.011016845703125,71,0.6404484510421753,320,0,1,1
96,0.007904924665178571,99.7810302734375,0.7815884351730347,0.574830174446106,256,0.058740234375,14,0.6644198298454285,320,0,1,1
97,0.0024538040161132812,4.04571533203125,0.015865551307797432,0.015865551307797432,256,0.00390625,8,0.015865551307797432,256,0,0,0
98,0.0015840530395507812,3.7900848388671875,0.01486307941377163,0.01486307941377163,256,0.0018310546875,8,0.01486307941377163,256,0,0,0
99,0.0029268766704358554,11.134765625,0.043665751814842224,0.043665751814842224,256,0.00740814208984375,38,0.043665751814842224,256,0,0,0
100,0.0020030975341796876,21.3526611328125,0.08373592793941498,0.08373592793941498,256,0.0102081298828125,40,0.08373592793941498,256,0,0,0
101,0.003242633960865162,15.5660400390625,0.06104329973459244,0.06104329973459244,256,0.00919342041015625,54,0.06104329973459244,256,0,0,0
102,0.0014532089233398437,90.87022705078125,0.8160618543624878,0.6128920316696167,256,0.004302978515625,32,0.6889470815658569,320,0,1,1
103,0.0020287036895751953,9.955093383789062,0.03903958201408386,0.03903958201408386,256,0.00464630126953125,32,0.03903958201408386,256,0,0,0
104,0.0022801717122395834,7.7252349853515625,0.03029503859579563,0.03029503859579563,256,0.00482940673828125,15,0.03029503859579563,256,0,0,0
105,0.00840155022446689,8.543587962962963,0.033504270017147064,0.033504270017147064,360,0.02815972222222222,22,0.033504270017147064,360,0,0,0
106,0.010848050983081847,11.244984567901234,0.044097982347011566,0.044097982347011566,360,0.04909722222222222,27,0.044097982347011566,360,0,0,0
107,0.017626721272554605,7.930501543209877,0.03110000491142273,0.03110000491142273,360,0.08138117283950617,13,0.03110000491142273,360,0,0,0
108,0.0025333404541015626,15.953125,0.0625612810254097,0.0625612810254097,256,0.005462646484375,20,0.0625612810254097,256,0,0,0
109,0.003462997137331495,14.32830810546875,0.05618944764137268,0.05618944764137268,256,0.01007843017578125,51,0.05618944764137268,256,0,0,0
110,0.0005638385641163794,1.55286865234375,0.006089681759476662,0.006089681759476662,512,0.0068695068359375,58,0.006089681759476662,640,2,0,6
111,0.0007962697668920589,43.26301097869873,0.830341100692749,0.830341100692749,1024,0.04946184158325195,237,0.830341100692749,1024,1,2,5
112,0.010501997095134349,10.807854938271605,0.042383741587400436,0.042383741587400436,360,0.024166666666666666,17,0.042383741587400436,360,0,0,0
113,0.0010046525435014205,24.941864013671875,0.09781122952699661,0.09781122952699661,256,0.00347900390625,44,0.09781122952699661,256,0,0,0
114,0.001723360825596817,4.193476458885941,0.016445007175207138,0.016445007175207138,520,0.0023333885941644564,16,0.016445007175207138,696,2,0,6
115,0.0017768012152777778,4.9373321533203125,0.019362088292837143,0.019362088292837143,256,0.00408935546875,9,0.019362088292837143,256,0,0,0
116,0.0020128885904947915,6.696075439453125,0.02625912055373192,0.02625912055373192,256,0.0039520263671875,12,0.02625912055373192,256,0,0,0
117,0.0041370391845703125,8.229461669921875,0.032272398471832275,0.032272398471832275,256,0.01473236083984375,16,0.032272398471832275,256,0,0,0
118,0.004842567443847656,76.528955078125,0.7682854533195496,0.6864064931869507,256,0.019158935546875,32,0.7219148874282837,320,0,2,2
119,0.001347673519009726,13.196924734748011,0.051752641797065735,0.051752641797065735,520,0.0021054376657824933,24,0.051752641797065735,696,2,0,6
120,0.013362727807172252,12.212430555555555,0.04789188504219055,0.04789188504219055,360,0.02662422839506173,21,0.04789188504219055,360,0,0,0
121,0.0014909347344692172,7.138867705570291,0.027995560318231583,0.027995560318231583,520,0.005255305039787798,111,0.027995560318231583,696,2,0,6
122,0.0019938151041666665,4.5655670166015625,0.017904184758663177,0.017904184758663177,256,0.00385284423828125,9,0.017904184758663177,256,0,0,0
123,0.004409222243273968,13.07277851458886,0.05126580223441124,0.05126580223441124,520,0.007534814323607426,7,0.05126580223441124,696,2,0,6
124,0.01774468055138221,121.40064697265625,0.786764919757843,0.41827473044395447,256,0.7306884765625,52,0.5654774904251099,320,0,1,1
125,0.0016473134358723958,16.007583618164062,0.06277483701705933,0.06277483701705933,256,0.0033721923828125,12,0.06277483701705933,256,0,0,0
126,0.004283980806071323,27.12231984969054,0.10636202245950699,0.10636202245950699,520,0.008101237842617154,24,0.10636202245950699,696,2,0,6
127,0.0016718684016047297,11.651107788085938,0.0456906221807003,0.0456906221807003,256,0.00287628173828125,37,0.0456906221807003,256,0,0,0
128,0.013478168688322367,115.371240234375,0.7752521634101868,0.5034857988357544,256,0.078863525390625,19,0.6190323829650879,320,0,1,1
129,0.004364345384680707,17.552627563476562,0.0688338354229927,0.0688338354229927,256,0.03166961669921875,46,0.0688338354229927,256,0,0,0
130,0.0013460795084635417,23.46484375,0.09201899915933609,0.09201899915933609,256,0.0094451904296875,30,0.09201899915933609,256,0,0,0
131,0.0017979939778645833,5.4943695068359375,0.02154654823243618,0.02154654823243618,256,0.00518035888671875,12,0.02154654823243618,256,0,0,0
132,0.0013050177158453525,22.116195678710938,0.08673018217086792,0.08673018217086792,256,0.00681304931640625,39,0.08673018217086792,256,0,0,0
133,0.0025770399305555555,4.5536041259765625,0.017857272177934647,0.017857272177934647,256,0.00415802001953125,9,0.017857272177934647,256,0,0,0
134,0.003185859093299279,8.1728515625,0.03205040097236633,0.03205040097236633,256,0.00897216796875,26,0.03205040097236633,256,0,0,0
135,0.0018069293047930743,11.2196044921875,0.04399844631552696,0.04399844631552696,256,0.004150390625,37,0.04399844631552696,256,0,0,0
136,0.001173862191133721,21.3021240234375,0.0835377499461174,0.0835377499461174,256,0.00278472900390625,43,0.0835377499461174,256,0,0,0
137,0.01174403021442495,6.902932098765432,0.02707032300531864,0.02707032300531864,360,0.023703703703703703,19,0.02707032300531864,360,0,0,0
138,0.004888916015625,78.126806640625,0.7802528738975525,0.6730480790138245,256,0.0312744140625,44,0.7334827780723572,320,0,2,2
139,0.02857333096590909,125.53106689453125,0.7676693797111511,0.4577499330043793,256,0.1907470703125,11,0.5880839228630066,320,0,1,1
140,0.0030670166015625,16.132492065429688,0.06326467543840408,0.06326467543840408,256,0.0049591064453125,13,0.06326467543840408,256,0,0,0
141,0.012199074074074074,13.302445987654322,0.05216645821928978,0.05216645821928978,360,0.03346836419753086,21,0.05216645821928978,360,0,0,0
142,0.00440986958443855,24.396786582670202,0.09567369520664215,0.09567369520664215,520,0.011408598585322723,25,0.09567369520664215,696,2,0,6
143,0.0019063313802083334,6.429046630859375,0.02521194890141487,0.02521194890141487,256,0.0041046142578125,15,0.02521194890141487,256,0,0,0
144,0.0015022042931525693,22.337353558797524,0.08759746700525284,0.08759746700525284,520,0.006540119363395226,90,0.08759746700525284,696,2,0,6
145,0.0051283264160156255,75.835009765625,0.7930616140365601,0.6857422590255737,256,0.020196533203125,40,0.7285381555557251,320,0,2,2
146,0.0011243820190429688,21.051910400390625,0.08255651593208313,0.08255651593208313,256,0.0033721923828125,48,0.08255651593208313,256,0,0,0
147,0.00134368896484375,21.933761596679688,0.0860147550702095,0.0860147550702095,256,0.00360107421875,25,0.0860147550702095,256,0,0,0
148,0.005859150606043199,16.431915283203125,0.06443888694047928,0.06443888694047928,256,0.07715606689453125,34,0.06443888694047928,256,0,0,0
149,0.0005901954716367271,39.478163719177246,0.8451839089393616,0.8451839089393616,1024,0.06558513641357422,466,0.8451839089393616,1024,1,2,5
150,0.002842203776041667,10.402938842773438,0.040795840322971344,0.040795840322971344,256,0.0067291259765625,45,0.040795840322971344,256,0,0,0
151,0.0017871856689453125,5.080047607421875,0.01992175541818142,0.01992175541818142,256,0.0037994384765625,12,0.01992175541818142,256,0,0,0
152,0.004387855529785156,13.561508178710938,0.05318238213658333,0.05318238213658333,256,0.0241851806640625,32,0.05318238213658333,256,0,0,0
153,0.0010134068931021342,19.901260375976562,0.07804416120052338,0.07804416120052338,256,0.0023040771484375,41,0.07804416120052338,256,0,0,0
154,0.002764129638671875,15.671768188476562,0.06145791336894035,0.06145791336894035,256,0.0052947998046875,10,0.06145791336894035,256,0,0,0
155,0.003892197719840116,102.91820068359375,0.8044683337211609,0.5588727593421936,256,0.0294189453125,43,0.6523752212524414,320,0,1,1
156,0.012524366471734893,8.097908950617285,0.031756505370140076,0.031756505370140076,360,0.04535879629629629,19,0.031756505370140076,360,0,0,0
157,0.004166478696076766,17.15374755859375,0.06726960092782974,0.06726960092782974,256,0.02571868896484375,46,0.06726960092782974,256,0,0,0
158,0.002515905043658088,15.566925048828125,0.06104676425457001,0.06104676425457001,256,0.0045166015625,17,0.06104676425457001,256,0,0,0
159,0.001495361328125,17.853591918945312,0.070014089345932,0.070014089345932,256,0.00255584716796875,16,0.070014089345932,256,0,0,0
160,0.002627742991727941,91.95728759765625,0.8119378089904785,0.6079028844833374,256,0.006439208984375,17,0.6870564222335815,320,0,1,1
161,0.003501685889991554,11.977066040039062,0.04696888476610184,0.04696888476610184,256,0.01232147216796875,37,0.04696888476610184,256,0,0,0
162,0.0017759535047743055,4.5894622802734375,0.01799789071083069,0.01799789071083069,256,0.00321197509765625,9,0.01799789071083069,256,0,0,0
163,0.0030975341796875,16.770156860351562,0.06576532125473022,0.06576532125473022,256,0.0099945068359375,18,0.06576532125473022,256,0,0,0
164,0.0009183883666992188,20.69732666015625,0.08116599172353745,0.08116599172353745,256,0.00347137451171875,56,0.08116599172353745,256,0,0,0
165,0.0035204719094669113,105.859716796875,0.8081566691398621,0.5445560216903687,256,0.056884765625,68,0.6450526118278503,320,0,1,1
166,0.0025689261300223215,9.013290405273438,0.03534623980522156,0.03534623980522156,256,0.0074005126953125,35,0.03534623980522156,256,0,0,0
167,0.012241833847736628,11.664274691358024,0.04574225842952728,0.04574225842952728,360,0.03622685185185185,24,0.04574225842952728,360,0,0,0
168,0.001654052734375,4.3672637939453125,0.017126526683568954,0.017126526683568954,256,0.00360870361328125,5,0.017126526683568954,256,0,0,0
169,0.001568844368496225,13.50512544208665,0.052961286157369614,0.052961286157369614,520,0.007244694960212202,130,0.052961286157369614,696,2,0,6
170,0.0016176662064120732,15.018023320070734,0.058894213289022446,0.058894213289022446,520,0.005679431918656056,146,0.058894213289022446,696,2,0,6
171,0.007640245225694444,102.63564453125,0.7801364660263062,0.5615639686584473,256,0.056719970703125,18,0.6569889187812805,320,0,1,1
172,0.0012172792016006098,5.103509521484375,0.02001376263797283,0.02001376263797283,512,0.01355438232421875,41,0.02001376263797283,640,2,0,6
173,0.002535039728338068,4.4871826171875,0.01759679615497589,0.01759679615497589,256,0.00412750244140625,11,0.01759679615497589,256,0,0,0
174,0.002014346239043445,13.487472534179688,0.0528920516371727,0.0528920516371727,256,0.00913238525390625,41,0.0528920516371727,256,0,0,0
175,0.015230178833007812,110.8313232421875,0.6007782816886902,0.3216674327850342,256,0.358209228515625,32,0.7586454153060913,320,0,1,1
176,0.006313705444335937,65.55477294921874,0.8200871348381042,0.7279831767082214,256,0.02752685546875,32,0.7668677568435669,320,0,2,2
177,0.0004924459771795587,47.63606834411621,0.813191831111908,0.813191831111908,1024,0.034389495849609375,455,0.813191831111908,1024,1,2,5
178,0.002320183648003472,3.828125,0.015012254938483238,0.015012254938483238,256,0.0035400390625,9,0.015012254938483238,256,0,0,0
179,0.009247828074988569,9.60846450617284,0.0376802496612072,0.0376802496612072,360,0.02529320987654321,27,0.0376802496612072,360,0,0,0
180,0.004348306615922807,25.313254310344828,0.09926767647266388,0.09926767647266388,520,0.008442473474801062,23,0.09926767647266388,696,2,0,6
181,0.003748668323863636,105.38280029296875,0.7784627676010132,0.5497232675552368,256,0.025872802734375,33,0.6466573476791382,320,0,1,1
182,0.003593197391688771,30.85430758178603,0.12099730223417282,0.12099730223417282,520,0.02337118700265252,50,0.12099730223417282,696,2,0,6
183,0.0036042150198938995,31.87520722811671,0.12500080466270447,0.12500080466270447,520,0.016835212201591513,40,0.12500080466270447,696,2,0,6
184,0.0034942626953125,11.583206176757812,0.04542434215545654,0.04542434215545654,256,0.0122833251953125,39,0.04542434215545654,256,0,0,0
185,0.0047206878662109375,13.76580810546875,0.05398356169462204,0.05398356169462204,256,0.01316070556640625,28,0.05398356169462204,256,0,0,0
186,0.006797119140625,104.17125244140625,0.7287845611572266,0.556794285774231,256,0.047698974609375,50,0.6617246866226196,320,0,1,1
187,0.001524773056646922,8.945874778956675,0.03508186712861061,0.03508186712861061,520,0.0057664677276746245,133,0.03508186712861061,696,2,0,6
188,0.003947350243147657,12.969053934571177,0.05085904151201248,0.05085904151201248,520,0.009031001326259946,8,0.05085904151201248,696,2,0,6
189,0.013009044924554184,10.754729938271606,0.04217541217803955,0.04217541217803955,360,0.024189814814814817,18,0.04217541217803955,360,0,0,0
190,0.064910888671875,112.30079345703125,0.7529213428497314,0.3797975480556488,256,0.62681884765625,11,0.5387288928031921,320,0,1,1
191,0.0022745132446289062,4.50140380859375,0.017652563750743866,0.017652563750743866,256,0.0040435791015625,8,0.017652563750743866,256,0,0,0
192,0.00208282470703125,7.0529632568359375,0.027658680453896523,0.027658680453896523,256,0.00618743896484375,15,0.027658680453896523,256,0,0,0
193,0.013604410331384015,9.546080246913581,0.037435609847307205,0.037435609847307205,360,0.032060185185185185,19,0.037435609847307205,360,0,0,0
194,0.001754531388152078,7.173275862068966,0.02813049592077732,0.02813049592077732,520,0.004769009725906278,71,0.02813049592077732,696,2,0,6
195,0.0038919448852539062,14.580123901367188,0.05717696622014046,0.05717696622014046,256,0.0110626220703125,40,0.05717696622014046,256,0,0,0
196,0.0036396571568080354,98.06551513671874,0.805388331413269,0.5815771818161011,256,0.00804443359375,28,0.6648579835891724,320,0,1,1
197,0.0015783309936523438,4.77099609375,0.018709789961576462,0.018709789961576462,256,0.004180908203125,16,0.018709789961576462,256,0,0,0
198,0.0016272408621651785,18.238616943359375,0.0715239867568016,0.0715239867568016,256,0.00311279296875,14,0.0715239867568016,256,0,0,0
199,0.010988881874298542,11.763047839506173,0.04612959921360016,0.04612959921360016,360,0.03218364197530864,22,0.04612959921360016,360,0,0,0
200,0.0027329415986032195,13.76007080078125,0.05396106839179993,0.05396106839179993,256,0.009765625,66,0.05396106839179993,256,0,0,0
201,0.003740393597146739,96.27664794921876,0.8082275390625,0.5885050296783447,256,0.016680908203125,23,0.674045205116272,320,0,1,1
202,0.0026047926682692306,89.26556396484375,0.8179680109024048,0.6193512082099915,256,0.006134033203125,13,0.6962865591049194,320,0,1,1
203,0.004770621500147362,29.20536858974359,0.11453086882829666,0.11453086882829666,520,0.009047579575596817,30,0.11453086882829666,696,2,0,6
204,0.017179797944568455,118.0940185546875,0.7847956418991089,0.4043060839176178,256,0.456243896484375,42,0.5520839691162109,320,0,1,1
205,0.0015585356360281399,7.883609637488948,0.030916115269064903,0.030916115269064903,520,0.004972093280282935,115,0.030916115269064903,696,2,0,6
206,0.0017335311226222825,20.709640502929688,0.0812142863869667,0.0812142863869667,256,0.0038909912109375,23,0.0812142863869667,256,0,0,0
207,0.004910237080342061,14.856689453125,0.05826152488589287,0.05826152488589287,256,0.03912353515625,37,0.05826152488589287,256,0,0,0
208,0.011576933019301471,110.01800537109375,0.7763637900352478,0.5283173322677612,256,0.047918701171875,17,0.6338370442390442,320,0,1,1
209,0.0014351479060530784,33.77444462864722,0.13244877755641937,0.13244877755641937,520,0.00829741379310345,126,0.13244877755641937,696,2,0,6
210,0.00033459603786468507,42.156508445739746,0.8346804976463318,0.8346804976463318,1024,0.0470280647277832,800,0.8346804976463318,1024,1,2,5
211,0.0036007694412866827,29.98708278072502,0.11759638786315918,0.11759638786315918,520,0.013619031830238727,42,0.11759638786315918,696,2,0,6
212,0.002716290509259259,97.4989990234375,0.8041197061538696,0.5839205980300903,256,0.006402587890625,27,0.6679571866989136,320,0,1,1
213,0.005321547564338235,68.796923828125,0.8118983507156372,0.7159239649772644,256,0.0193115234375,34,0.7503962516784668,320,0,2,2
214,0.004598821301407508,29.573090738284705,0.11597291380167007,0.11597291380167007,520,0.014975685234305924,37,0.11597291380167007,696,2,0,6
215,0.00223541259765625,5.7781982421875,0.022659601643681526,0.022659601643681526,256,0.00356292724609375,7,0.022659601643681526,256,0,0,0
216,0.01025173611111111,10.312037037037037,0.04043936729431152,0.04043936729431152,360,0.028846450617283952,20,0.04043936729431152,360,0,0,0
217,0.013585262345679012,9.23150462962963,0.03620198369026184,0.03620198369026184,360,0.04485725308641975,20,0.03620198369026184,360,0,0,0
218,0.013781473359324236,11.524020061728395,0.04519223794341087,0.04519223794341087,360,0.04549768518518518,19,0.04519223794341087,360,0,0,0
219,0.0026960372924804688,5.200531005859375,0.02039423957467079,0.02039423957467079,256,0.00408935546875,8,0.02039423957467079,256,0,0,0
220,0.01868526574337121,110.919482421875,0.7576085925102234,0.372878760099411,256,0.405926513671875,33,0.5349258184432983,320,0,1,1
221,0.004034126167171632,15.466077630714352,0.06065129116177559,0.06065129116177559,603,0.4683754967301856,117,0.06065129116177559,1272,1,0,3
222,0.0016116685509704166,9.193924071618037,0.03605460375547409,0.03605460375547409,520,0.006787411582670204,122,0.03605460375547409,696,2,0,6
223,0.0020923614501953125,4.167144775390625,0.016341743990778923,0.016341743990778923,256,0.0030975341796875,8,0.016341743990778923,256,0,0,0
224,0.0005462684347375156,44.91107749938965,0.8238781690597534,0.8238781690597534,1024,0.08651399612426758,403,0.8238781690597534,1024,1,2,5
225,0.0013304919473077484,39.870435455349245,0.1563546508550644,0.1563546508550644,520,0.011590959328028293,158,0.1563546508550644,696,2,0,6
226,0.011478909465020578,14.84278549382716,0.05820700153708458,0.05820700153708458,360,0.040281635802469136,27,0.05820700153708458,360,0,0,0
227,0.0018515953650841345,17.992767333984375,0.07055988162755966,0.07055988162755966,256,0.00522613525390625,26,0.07055988162755966,256,0,0,0
228,0.001651611328125,8.349990844726562,0.03274506330490112,0.03274506330490112,256,0.00543975830078125,25,0.03274506330490112,256,0,0,0
229,0.005286287006578947,52.00126953125,0.8392170667648315,0.7899627089500427,256,0.0189453125,19,0.80182284116745,320,0,2,2
230,0.003230200873480903,7.0520477294921875,0.027655089274048805,0.027655089274048805,256,0.00852203369140625,18,0.027655089274048805,256,0,0,0
231,0.0008934684421705163,24.048980712890625,0.0943097323179245,0.0943097323179245,256,0.00502777099609375,46,0.0943097323179245,256,0,0,0
232,0.010532716049382716,13.178881172839507,0.05168188363313675,0.05168188363313675,360,0.03854938271604939,25,0.05168188363313675,360,0,0,0
233,0.0027074813842773438,9.324142456054688,0.03656527027487755,0.03656527027487755,256,0.01016998291015625,32,0.03656527027487755,256,0,0,0
234,0.0018857320149739583,4.7088165283203125,0.01846594735980034,0.01846594735980034,256,0.0033416748046875,12,0.01846594735980034,256,0,0,0
235,0.016703960905349795,9.641496913580246,0.03780979663133621,0.03780979663133621,360,0.03899305555555555,15,0.03780979663133621,360,0,0,0
236,0.0033449835526315787,114.1181396484375,0.7373186349868774,0.4714787006378174,256,0.08743896484375,95,0.7626216411590576,320,0,1,1
237,0.004073865485913826,11.209930419921875,0.043960511684417725,0.043960511684417725,256,0.01268768310546875,33,0.043960511684417725,256,0,0,0
238,0.008757716049382715,11.099606481481482,0.04352787137031555,0.04352787137031555,360,0.019691358024691356,19,0.04352787137031555,360,0,0,0
239,0.018091430664062498,110.4058349609375,0.7751558423042297,0.5260653495788574,256,0.08360595703125,10,0.6347742080688477,320,0,1,1
240,0.00163726806640625,14.079071044921875,0.055212050676345825,0.055212050676345825,256,0.00289154052734375,5,0.055212050676345825,256,0,0,0
241,0.0034316306890443313,14.307281494140625,0.05610699579119682,0.05610699579119682,256,0.01398468017578125,43,0.05610699579119682,256,0,0,0
242,0.0019184112548828124,11.695037841796875,0.045862894505262375,0.045862894505262375,256,0.00830841064453125,40,0.045862894505262375,256,0,0,0
243,0.003986358642578125,9.42315673828125,0.036953557282686234,0.036953557282686234,256,0.02066802978515625,24,0.036953557282686234,256,0,0,0
244,0.0015798958840830763,42.04673961096375,0.16488920152187347,0.16488920152187347,520,0.013711593722369584,147,0.16488920152187347,696,2,0,6
245,0.011712517806267806,13.226118827160494,0.05186713859438896,0.05186713859438896,360,0.026400462962962962,26,0.05186713859438896,360,0,0,0
246,0.0016988118489583333,14.466796875,0.05673254281282425,0.05673254281282425,256,0.003326416015625,6,0.05673254281282425,256,0,0,0
247,0.0024897257486979165,5.945709228515625,0.023316506296396255,0.023316506296396255,256,0.00466156005859375,12,0.023316506296396255,256,0,0,0
248,0.004672083361395474,13.378173828125,0.052463430911302567,0.052463430911302567,256,0.0264434814453125,29,0.052463430911302567,256,0,0,0
249,0.013115263080540859,9.896350308641976,0.038809217512607574,0.038809217512607574,360,0.04679012345679012,21,0.038809217512607574,360,0,0,0
250,0.004604207666638145,24.335339301503094,0.09543270617723465,0.09543270617723465,520,0.008858311229000885,31,0.09543270617723465,696,2,0,6
251,0.0125244341563786,8.171890432098765,0.03204663097858429,0.03204663097858429,360,0.04907793209876543,18,0.03204663097858429,360,0,0,0
252,0.01265083039388595,12.942345679012346,0.05075429752469063,0.05075429752469063,360,0.06988811728395061,21,0.05075429752469063,360,0,0,0
253,0.007070138113839286,110.29593505859376,0.8076536059379578,0.5233795046806335,256,0.087542724609375,35,0.634739339351654,320,0,1,1
254,0.004529825846354167,6.1543731689453125,0.024134797975420952,0.024134797975420952,256,0.02431488037109375,15,0.024134797975420952,256,0,0,0
255,0.000942806027970224,7.90638427734375,0.031005430966615677,0.031005430966615677,512,0.0130279541015625,106,0.031005430966615677,640,2,0,6
256,0.002044908928148674,10.01190185546875,0.03926236182451248,0.03926236182451248,256,0.004730224609375,33,0.03926236182451248,256,0,0,0
257,0.0006085129884573129,46.480746269226074,0.8177226185798645,0.8177226185798645,1024,0.08588171005249023,416,0.8177226185798645,1024,1,2,5
258,0.0056866681134259255,92.06907958984375,0.7657657861709595,0.6097966432571411,256,0.031781005859375,54,0.6940294504165649,320,0,1,1
259,0.0014979044596354167,18.680892944335938,0.0732584148645401,0.0732584148645401,256,0.00424957275390625,18,0.0732584148645401,256,0,0,0
260,0.0004897991029342802,40.200693130493164,0.84235018491745,0.84235018491745,1024,0.042083740234375,404,0.84235018491745,1024,1,2,5
261,0.004146876479640151,99.55716552734376,0.8107749223709106,0.5734440684318542,256,0.033831787109375,33,0.6633338928222656,320,0,1,1
262,0.0016043560751675442,13.357974137931034,0.052384212613105774,0.052384212613105774,520,0.008775419982316533,138,0.052384212613105774,696,2,0,6
263,0.0012296225685234307,11.693678160919541,0.045857563614845276,0.045857563614845276,520,0.003491103006189213,20,0.045857563614845276,696,2,0,6
264,0.0018174020867598685,6.0400238037109375,0.023686369881033897,0.023686369881033897,256,0.00388336181640625,19,0.023686369881033897,256,0,0,0
265,0.00224151611328125,14.534454345703125,0.056997865438461304,0.056997865438461304,256,0.00807952880859375,10,0.056997865438461304,256,0,0,0
266,0.002884758843315972,15.166946411132812,0.05947821959853172,0.05947821959853172,256,0.0059967041015625,27,0.05947821959853172,256,0,0,0
267,0.006300247547238372,86.78631591796875,0.7697020769119263,0.6311283707618713,256,0.028961181640625,43,0.7184368371963501,320,0,1,1
268,0.0032000223795572917,11.431686401367188,0.044830143451690674,0.044830143451690674,256,0.0111083984375,30,0.044830143451690674,256,0,0,0
269,0.0026950836181640625,7.0159149169921875,0.027513394132256508,0.027513394132256508,256,0.00472259521484375,24,0.027513394132256508,256,0,0,0
270,0.002481297084263393,17.780548095703125,0.06972763687372208,0.06972763687372208,256,0.00487518310546875,35,0.06972763687372208,256,0,0,0
271,0.0016575115990775427,7.493838417329797,0.02938760258257389,0.02938760258257389,520,0.007440870910698496,97,0.02938760258257389,696,2,0,6
272,0.0014369072019934086,10.877826591511937,0.04265815392136574,0.04265815392136574,520,0.003864113616268789,99,0.04265815392136574,696,2,0,6
273,0.003391265869140625,7.476593017578125,0.029319971799850464,0.029319971799850464,256,0.008880615234375,22,0.029319971799850464,256,0,0,0
274,0.0018768310546875,4.00811767578125,0.015718108043074608,0.015718108043074608,256,0.00396728515625,12,0.015718108043074608,256,0,0,0
275,0.01147071116255144,10.647762345679013,0.041755929589271545,0.041755929589271545,360,0.03580246913580247,24,0.041755929589271545,360,0,0,0
276,0.0008987676901895491,35.2086181640625,0.13807302713394165,0.13807302713394165,256,0.007171630859375,61,0.13807302713394165,256,0,0,0
277,0.0012464647169237013,26.86480712890625,0.10535219311714172,0.10535219311714172,256,0.00766754150390625,77,0.10535219311714172,256,0,0,0
278,0.0030268971512957318,122.29132080078125,0.7840007543563843,0.47499069571495056,256,0.041986083984375,82,0.5837140083312988,320,0,1,1
279,0.010962909748829288,14.927600308641976,0.05853961780667305,0.05853961780667305,360,0.04772376543209877,29,0.05853961780667305,360,0,0,0
280,0.0032446725027901785,19.215469360351562,0.07535478472709656,0.07535478472709656,256,0.0052947998046875,14,0.07535478472709656,256,0,0,0
281,0.012077353395061727,9.424266975308642,0.03695790469646454,0.03695790469646454,360,0.026504629629629628,20,0.03695790469646454,360,0,0,0
282,0.002016673368566177,89.52100830078125,0.816817581653595,0.6186392307281494,256,0.0067138671875,17,0.6944275498390198,320,0,1,1
283,0.018802097865513394,31.512405395507812,0.12357807904481888,0.12357807904481888,256,0.24460601806640625,14,0.12357807904481888,256,0,0,0
284,0.003564296624599359,11.600067138671875,0.045490458607673645,0.045490458607673645,256,0.02126312255859375,39,0.045490458607673645,256,0,0,0
285,0.0033712387084960938,14.9437255859375,0.058602847158908844,0.058602847158908844,256,0.006927490234375,8,0.058602847158908844,256,0,0,0
286,0.035898382013494316,119.9969482421875,0.7629209160804749,0.4138653874397278,256,0.665399169921875,22,0.5626254081726074,320,0,1,1
287,0.001489220595941311,22.550872802734375,0.08843480050563812,0.08843480050563812,256,0.0059356689453125,41,0.08843480050563812,256,0,0,0
288,0.00836215549045139,99.36256103515625,0.784253716468811,0.5756248235702515,256,0.044830322265625,18,0.6686933040618896,320,0,1,1
289,0.001373531984007996,29.587016467727675,0.11602752655744553,0.11602752655744553,520,0.008526746242263484,115,0.11602752655744553,696,2,0,6
290,0.0014260806770669424,4.4951812555260835,0.01762816496193409,0.01762816496193409,520,0.006215461980548188,59,0.01762816496193409,696,2,0,6
291,0.0015478930434692684,9.031617484526967,0.03541811183094978,0.03541811183094978,520,0.007456067639257295,171,0.03541811183094978,696,2,0,6
292,0.013391927083333335,8.20440586419753,0.032174140214920044,0.032174140214920044,360,0.024660493827160495,16,0.032174140214920044,360,0,0,0
293,0.001715850830078125,11.85186767578125,0.04647791385650635,0.04647791385650635,256,0.0039215087890625,40,0.04647791385650635,256,0,0,0
294,0.011082658179012345,10.315154320987654,0.04045158997178078,0.04045158997178078,360,0.029714506172839508,24,0.04045158997178078,360,0,0,0
295,0.005963134765625,119.55814208984376,0.7961727976799011,0.4825893044471741,256,0.082818603515625,46,0.60481196641922,320,0,1,1
296,0.0023339011452414775,4.5160369873046875,0.017709948122501373,0.017709948122501373,256,0.00501251220703125,11,0.017709948122501373,256,0,0,0
297,0.01569552951388889,119.1740234375,0.7704359292984009,0.4872165322303772,256,0.098028564453125,18,0.6051937341690063,320,0,1,1
298,0.001383754185267857,9.716781616210938,0.03810502961277962,0.03810502961277962,256,0.00371551513671875,35,0.03810502961277962,256,0,0,0
299,0.005067200079110243,22.063699160035366,0.08652430772781372,0.08652430772781372,520,0.010641854553492485,19,0.08652430772781372,696,2,0,6
300,0.00220489501953125,15.755477905273438,0.061786189675331116,0.061786189675331116,256,0.0052642822265625,6,0.061786189675331116,256,0,0,0
301,0.014842592592592591,11.57204475308642,0.045380569994449615,0.045380569994449615,360,0.038398919753086416,20,0.045380569994449615,360,0,0,0
302,0.001610254568228706,13.022991268788683,0.051070570945739746,0.051070570945739746,520,0.0080888041556145,180,0.051070570945739746,696,2,0,6
303,0.001462062431024802,14.722112621573828,0.057733774185180664,0.057733774185180664,520,0.004592175066312998,137,0.057733774185180664,696,2,0,6
304,0.011870615881032548,13.092145061728395,0.05134174972772598,0.05134174972772598,360,0.04352237654320988,22,0.05134174972772598,360,0,0,0
305,0.005522404160610466,115.0578857421875,0.8003650903701782,0.5027142763137817,256,0.052484130859375,43,0.6187800168991089,320,0,1,1
306,0.018462775735294118,124.25589599609376,0.7664373517036438,0.4658867418766022,256,0.18492431640625,17,0.5845280289649963,320,0,1,1
307,0.0055261521112351195,77.50338134765624,0.7930424809455872,0.6760607957839966,256,0.027276611328125,42,0.7303482294082642,320,0,2,2
308,0.0005756212317425272,8.109494018554688,0.03180193156003952,0.03180193156003952,512,0.00789642333984375,46,0.03180193156003952,640,2,0,6
309,0.0022517613002232145,3.9408721923828125,0.015454402193427086,0.015454402193427086,256,0.0038604736328125,7,0.015454402193427086,256,0,0,0
310,0.0024269505550986842,16.959716796875,0.0665087029337883,0.0665087029337883,256,0.01165008544921875,19,0.0665087029337883,256,0,0,0
311,0.005492292131696429,100.67393798828125,0.8063886761665344,0.5701289176940918,256,0.08795166015625,21,0.6552025079727173,320,0,1,1
312,0.002767365554283405,19.05767822265625,0.07473599910736084,0.07473599910736084,256,0.0056610107421875,29,0.07473599910736084,256,0,0,0
313,0.003543712474681713,19.418548583984375,0.07615117728710175,0.07615117728710175,256,0.005859375,27,0.07615117728710175,256,0,0,0
314,0.00033152868988317087,37.45090293884277,0.8531337976455688,0.8531337976455688,1024,0.05102729797363281,872,0.8531337976455688,1024,1,2,5
315,0.0010073044720818015,17.258392333984375,0.0676799789071083,0.0676799789071083,256,0.002960205078125,34,0.0676799789071083,256,0,0,0
316,0.013032582772166106,13.465895061728395,0.052807439118623734,0.052807439118623734,360,0.04381558641975308,22,0.052807439118623734,360,0,0,0
317,0.0014982464919605723,7.198737290008841,0.0282303374260664,0.0282303374260664,520,0.005332670203359859,108,0.0282303374260664,696,2,0,6
318,0.005461569393382353,75.12301025390624,0.7834512591362,0.6886897087097168,256,0.01961669921875,34,0.7351080179214478,320,0,2,2
319,0.011339730187176425,16.58099537037037,0.0650235190987587,0.0650235190987587,360,0.0505787037037037,31,0.0650235190987587,360,0,0,0
320,0.0226959228515625,124.16580810546876,0.7687318921089172,0.46442967653274536,256,0.092401123046875,14,0.5903002023696899,320,0,1,1
321,0.002993429860761089,8.759719848632812,0.03435184434056282,0.03435184434056282,256,0.0067901611328125,31,0.03435184434056282,256,0,0,0
322,0.001137677360983456,15.275436401367188,0.05990367755293846,0.05990367755293846,256,0.00299072265625,17,0.05990367755293846,256,0,0,0
323,0.010874436134852802,13.926481481481481,0.05461365729570389,0.05461365729570389,360,0.02662037037037037,26,0.05461365729570389,360,0,0,0
324,0.01233098177542622,12.763927469135803,0.05005462095141411,0.05005462095141411,360,0.03146990740740741,21,0.05005462095141411,360,0,0,0
325,0.004916938719989118,17.57424845269673,0.0689186379313469,0.0689186379313469,520,0.008394120247568523,13,0.0689186379313469,696,2,0,6
326,0.006554226345486111,88.01201171875,0.7821155786514282,0.6275773644447327,256,0.0211669921875,45,0.7033732533454895,320,0,1,1
327,0.001751012969435307,13.401168823242188,0.05255360156297684,0.05255360156297684,256,0.007110595703125,57,0.05255360156297684,256,0,0,0
328,0.0011613872689260564,20.183609008789062,0.07915142178535461,0.07915142178535461,256,0.00362396240234375,71,0.07915142178535461,256,0,0,0
329,0.0022023518880208335,4.4684906005859375,0.017523493617773056,0.017523493617773056,256,0.00344085693359375,6,0.017523493617773056,256,0,0,0
330,0.002300898234049479,6.15374755859375,0.024132346734404564,0.024132346734404564,256,0.00374603271484375,12,0.024132346734404564,256,0,0,0
331,0.0055389404296875,14.90057373046875,0.05843362212181091,0.05843362212181091,256,0.02065277099609375,32,0.05843362212181091,256,0,0,0
332,0.0017336677102481619,5.545166015625,0.021745750680565834,0.021745750680565834,256,0.003509521484375,17,0.021745750680565834,256,0,0,0
333,0.015546920928865372,9.30974537037037,0.03650881350040436,0.03650881350040436,360,0.06727623456790123,21,0.03650881350040436,360,0,0,0
334,0.0036412289268092104,12.243118286132812,0.048012230545282364,0.048012230545282364,256,0.01305389404296875,38,0.048012230545282364,256,0,0,0
335,0.013453115814226925,11.24880401234568,0.04411295801401138,0.04411295801401138,360,0.04414351851851852,21,0.04411295801401138,360,0,0,0
336,0.0014135527830896717,23.08885389036251,0.09054453670978546,0.09054453670978546,520,0.005661472148541114,86,0.09054453670978546,696,2,0,6
337,0.005186099097842262,73.322314453125,0.7964512705802917,0.6926348805427551,256,0.040069580078125,42,0.7506413459777832,320,0,2,2
338,0.0004398919007168757,40.72387981414795,0.8402985334396362,0.8402985334396362,1024,0.04530668258666992,669,0.8402985334396362,1024,1,2,5
339,0.001910400390625,15.291915893554688,0.05996830016374588,0.05996830016374588,256,0.00307464599609375,10,0.05996830016374588,256,0,0,0
340,0.004729134695870536,100.5056396484375,0.7245935797691345,0.5806418061256409,256,0.015985107421875,56,0.6503991484642029,320,0,1,1
341,0.004799621317883569,20.762201591511936,0.08142039179801941,0.08142039179801941,520,0.011959825375773652,19,0.08142039179801941,696,2,0,6
342,0.0010932783647017046,5.016229248046875,0.0196714885532856,0.0196714885532856,512,0.00849609375,55,0.0196714885532856,640,2,0,6
343,0.002140925480769231,5.1515960693359375,0.020202336832880974,0.020202336832880974,256,0.003814697265625,13,0.020202336832880974,256,0,0,0
344,0.0028010777064732145,95.55657958984375,0.8105213046073914,0.592302143573761,256,0.007427978515625,28,0.6734266877174377,320,0,1,1
345,0.0019281560724431818,5.4036712646484375,0.021190868690609932,0.021190868690609932,256,0.003021240234375,11,0.021190868690609932,256,0,0,0
346,0.0018733631480823863,5.127166748046875,0.020106537267565727,0.020106537267565727,256,0.00344085693359375,11,0.020106537267565727,256,0,0,0
347,0.012013245884773663,8.676682098765433,0.03402620181441307,0.03402620181441307,360,0.028202160493827164,18,0.03402620181441307,360,0,0,0
348,0.0025381790964226973,15.347457885742188,0.06018611043691635,0.06018611043691635,256,0.00524139404296875,19,0.06018611043691635,256,0,0,0
349,0.04576128791360294,123.83602294921874,0.7637525796890259,0.4316469728946686,256,0.684893798828125,17,0.5733467936515808,320,0,1,1
350,0.0014713196286472148,11.732051282051282,0.04600803554058075,0.04600803554058075,520,0.0016702586206896553,5,0.04600803554058075,696,2,0,6
351,0.010781709288653733,10.705864197530865,0.04198378324508667,0.04198378324508667,360,0.022372685185185186,21,0.04198378324508667,360,0,0,0
352,0.001639388355515911,11.388160366931919,0.04465945065021515,0.04465945065021515,520,0.005889423076923078,113,0.04465945065021515,696,2,0,6
353,0.004672888553503788,118.32391357421875,0.7220935821533203,0.4523483216762543,256,0.07255859375,66,0.7544539570808411,320,0,1,1
354,0.00300445556640625,14.738250732421875,0.057797063142061234,0.057797063142061234,256,0.00379180908203125,10,0.057797063142061234,256,0,0,0
355,0.0028408050537109377,20.20849609375,0.07924900949001312,0.07924900949001312,256,0.00787353515625,20,0.07924900949001312,256,0,0,0
356,0.011431327160493828,8.844120370370371,0.034682825207710266,0.034682825207710266,360,0.06830246913580247,18,0.034682825207710266,360,0,0,0
357,0.003136407761346726,19.39190673828125,0.07604669034481049,0.07604669034481049,256,0.0072174072265625,21,0.07604669034481049,256,0,0,0
358,0.0021068028041294645,15.192092895507812,0.05957683548331261,0.05957683548331261,256,0.004364013671875,7,0.05957683548331261,256,0,0,0
359,0.0029580252511160715,14.808212280273438,0.05807142332196236,0.05807142332196236,256,0.0048675537109375,7,0.05807142332196236,256,0,0,0
360,0.00244140625,5.607330322265625,0.021989531815052032,0.021989531815052032,256,0.00490570068359375,7,0.021989531815052032,256,0,0,0
361,0.0032958984375,12.749160766601562,0.04999671131372452,0.04999671131372452,256,0.00670623779296875,7,0.04999671131372452,256,0,0,0
362,0.0019861857096354165,6.169342041015625,0.024193499237298965,0.024193499237298965,256,0.003692626953125,15,0.024193499237298965,256,0,0,0
363,0.004197205547024059,28.75101127320955,0.11274906247854233,0.11274906247854233,520,0.01221264367816092,38,0.11274906247854233,696,2,0,6
364,0.0014921321494597356,18.721576591511937,0.07341794669628143,0.07341794669628143,520,0.0037066202475685233,77,0.07341794669628143,696,2,0,6
365,0.0006468952565953351,42.913453102111816,0.8317118883132935,0.8317118883132935,1024,0.0322723388671875,345,0.8317118883132935,1024,1,2,5
366,0.004530519767588733,26.57918048187445,0.10423209518194199,0.10423209518194199,520,0.011414124668435013,35,0.10423209518194199,696,2,0,6
367,0.0016370831113873105,9.306304931640625,0.03649531677365303,0.03649531677365303,256,0.0064697265625,33,0.03649531677365303,256,0,0,0
368,0.003440009223090278,17.267654418945312,0.06771630048751831,0.06771630048751831,256,0.00579833984375,9,0.06771630048751831,256,0,0,0
369,0.002430419921875,88.61217041015625,0.8144302368164062,0.6225119829177856,256,0.004376220703125,5,0.6992288827896118,320,0,1,1
370,0.0020294189453125,7.0305328369140625,0.02757071703672409,0.02757071703672409,256,0.00388336181640625,16,0.02757071703672409,256,0,0,0
371,0.0021947224934895835,13.209884643554688,0.05180346965789795,0.05180346965789795,256,0.0032501220703125,6,0.05180346965789795,256,0,0,0
372,0.0013606547599792974,35.73472038019452,0.14013618230819702,0.14013618230819702,520,0.007609416445623342,164,0.14013618230819702,696,2,0,6
373,0.010562286376953126,128.528466796875,0.6806061267852783,0.3997838795185089,256,0.27147216796875,40,0.7572554349899292,320,0,1,1
374,0.00098419189453125,14.702392578125,0.05765644460916519,0.05765644460916519,256,0.001861572265625,4,0.05765644460916519,256,0,0,0
375,0.00207064701960637,13.048309326171875,0.05116983875632286,0.05116983875632286,256,0.00986480712890625,52,0.05116983875632286,256,0,0,0
376,0.00045816874017520824,38.715789794921875,0.8481734395027161,0.8481734395027161,1024,0.044869422912597656,392,0.8481734395027161,1024,1,2,5
377,0.003382827296401515,12.140045166015625,0.04760802537202835,0.04760802537202835,256,0.0078887939453125,33,0.04760802537202835,256,0,0,0
378,0.0035663951526988635,7.0053863525390625,0.027472104877233505,0.027472104877233505,256,0.00778961181640625,22,0.027472104877233505,256,0,0,0
379,0.003226386176215278,14.403732299804688,0.05648522451519966,0.05648522451519966,256,0.00434112548828125,9,0.05648522451519966,256,0,0,0
380,0.004586356026785714,61.20670166015625,0.787781834602356,0.7571626305580139,256,0.012713623046875,7,0.7598289847373962,320,0,2,2
381,0.0022608439127604165,12.819610595703125,0.05027298629283905,0.05027298629283905,256,0.00322723388671875,3,0.05027298629283905,256,0,0,0
382,0.002807763906625601,12.26171875,0.04808517545461655,0.04808517545461655,256,0.00814056396484375,52,0.04808517545461655,256,0,0,0
383,0.0067265101841517865,83.54107666015625,0.7834103107452393,0.6469728946685791,256,0.044036865234375,42,0.7201761603355408,320,0,2,2
384,0.005898263113839286,66.431982421875,0.8408738374710083,0.7253998517990112,256,0.026025390625,35,0.7523421049118042,320,0,2,2
385,0.001834869384765625,4.24493408203125,0.016646800562739372,0.016646800562739372,256,0.003173828125,8,0.016646800562739372,256,0,0,0
386,0.0006886945452008929,7.864474487304688,0.030841073021292686,0.030841073021292686,512,0.01221771240234375,140,0.030841073021292686,640,2,0,6
387,0.009688776189630682,109.721142578125,0.7749727368354797,0.5299142599105835,256,0.08873291015625,22,0.634417712688446,320,0,1,1
388,0.001487859767066069,9.84643015030946,0.0386134535074234,0.0386134535074234,520,0.00790644341290893,145,0.0386134535074234,696,2,0,6
389,0.0012144361223493303,24.859527587890625,0.09748835861682892,0.09748835861682892,256,0.00366973876953125,84,0.09748835861682892,256,0,0,0
390,0.001616954944002358,23.795943854995578,0.09331745654344559,0.09331745654344559,520,0.005093667108753316,120,0.09331745654344559,696,2,0,6
391,0.012386959876543209,8.912916666666666,0.034952618181705475,0.034952618181705475,360,0.02375,20,0.034952618181705475,360,0,0,0
392,0.00194091796875,16.634231567382812,0.0652322769165039,0.0652322769165039,256,0.0055999755859375,10,0.0652322769165039,256,0,0,0
393,0.0008646647135416666,15.022598266601562,0.05891215056180954,0.05891215056180954,256,0.001983642578125,12,0.05891215056180954,256,0,0,0
394,0.00182740977782104,7.715240937223696,0.03025585040450096,0.03025585040450096,520,0.017449988947833773,109,0.03025585040450096,696,2,0,6
395,0.00388458251953125,10.303543090820312,0.04040605202317238,0.04040605202317238,256,0.0131072998046875,25,0.04040605202317238,256,0,0,0
396,0.0018524169921875,4.9718475341796875,0.019497442990541458,0.019497442990541458,256,0.00537109375,10,0.019497442990541458,256,0,0,0
397,0.0026041666666666665,5.5095367431640625,0.021606028079986572,0.021606028079986572,256,0.00429534912109375,9,0.021606028079986572,256,0,0,0
398,0.0018380779799250413,57.196043005985366,0.22429822385311127,0.22429822385311127,260,0.008978053646641544,86,0.22429822385311127,347,0,0,0
399,0.001491909935360863,25.1005859375,0.09843368083238602,0.09843368083238602,256,0.0044403076171875,42,0.09843368083238602,256,0,0,0
400,0.0011444091796875,14.817184448242188,0.05810660868883133,0.05810660868883133,256,0.00286865234375,13,0.05810660868883133,256,0,0,0
401,0.001010894775390625,13.618331909179688,0.05340522527694702,0.05340522527694702,256,0.00179290771484375,6,0.05340522527694702,256,0,0,0
402,0.003370230538504464,9.306533813476562,0.03649621456861496,0.03649621456861496,256,0.01311492919921875,35,0.03649621456861496,256,0,0,0
403,0.001879119873046875,4.695556640625,0.018413947895169258,0.018413947895169258,256,0.003143310546875,10,0.018413947895169258,256,0,0,0
404,0.0007942686689660904,18.565032958984375,0.0728040486574173,0.0728040486574173,256,0.002044677734375,47,0.0728040486574173,256,0,0,0
405,0.009479043650072674,34.902001953125,0.1368705928325653,0.1368705928325653,256,0.175225830078125,43,0.1368705928325653,320,0,0,0
406,0.0037602742513020834,16.64471435546875,0.06527339667081833,0.06527339667081833,256,0.0085601806640625,15,0.06527339667081833,256,0,0,0
407,0.016829185956790123,9.555532407407407,0.0374726764857769,0.0374726764857769,360,0.06585648148148147,16,0.0374726764857769,360,0,0,0
408,0.0037663130326704547,105.41666259765626,0.8071535229682922,0.5474324226379395,256,0.028076171875,55,0.6438047289848328,320,0,1,1
409,0.001838902064732143,12.16619873046875,0.047710590064525604,0.047710590064525604,256,0.01068115234375,35,0.047710590064525604,256,0,0,0
410,0.0010549141261824303,6.520907935455349,0.025572186335921288,0.025572186335921288,520,0.0024743037135278516,73,0.025572186335921288,696,2,0,6
411,0.007893589564732142,55.14708251953125,0.8506172299385071,0.7737554311752319,256,0.046905517578125,21,0.7944013476371765,320,0,2,2
412,0.00169677734375,92.30584716796875,0.8088778257369995,0.6069730520248413,256,0.0033447265625,17,0.6847809553146362,320,0,1,1
413,0.013349247685185184,6.623719135802469,0.02597537450492382,0.02597537450492382,360,0.03461033950617284,16,0.02597537450492382,360,0,0,0
414,0.001228741237095424,24.158065795898438,0.09473752230405807,0.09473752230405807,256,0.00466156005859375,56,0.09473752230405807,256,0,0,0
415,0.00130615234375,16.423263549804688,0.06440495699644089,0.06440495699644089,256,0.0032958984375,15,0.06440495699644089,256,0,0,0
416,0.0016621330996540436,11.057052264881046,0.04336099326610565,0.04336099326610565,603,0.28950308728892227,179,0.04336099326610565,1272,1,0,3
417,0.0129962822671156,11.70184413580247,0.045889586210250854,0.045889586210250854,360,0.04794367283950617,22,0.045889586210250854,360,0,0,0
418,0.002354213169642857,3.5680389404296875,0.013992310501635075,0.013992310501635075,256,0.00292205810546875,7,0.013992310501635075,256,0,0,0
419,0.003131573016826923,7.7596893310546875,0.030430156737565994,0.030430156737565994,256,0.0066375732421875,26,0.030430156737565994,256,0,0,0
420,0.002857208251953125,7.917327880859375,0.03104834444820881,0.03104834444820881,256,0.01092529296875,38,0.03104834444820881,256,0,0,0
421,0.0067142609627016125,129.17332763671874,0.7953033447265625,0.43774136900901794,256,0.13111572265625,62,0.5787343382835388,320,0,1,1
422,0.002680691805752841,5.9693756103515625,0.023409314453601837,0.023409314453601837,256,0.0039825439453125,11,0.023409314453601837,256,0,0,0
423,0.0011689322335379465,17.089370727539062,0.06701714545488358,0.06701714545488358,256,0.00238037109375,14,0.06701714545488358,256,0,0,0
424,0.0019354867907558158,5.042716622458002,0.019775360822677612,0.019775360822677612,520,0.005187610521662245,58,0.019775360822677612,696,2,0,6
425,0.004380179740287162,76.166796875,0.7784879803657532,0.6875489950180054,256,0.028778076171875,37,0.7212432622909546,320,0,2,2
426,0.0017547607421875,4.38623046875,0.017200903967022896,0.017200903967022896,256,0.00331878662109375,9,0.017200903967022896,256,0,0,0
427,0.001457842658547794,9.80926513671875,0.038467712700366974,0.038467712700366974,512,0.01777801513671875,68,0.038467712700366974,640,2,0,6
428,0.010764793113425927,125.93046875,0.7648259997367859,0.4578751027584076,256,0.040740966796875,27,0.5812162160873413,320,0,1,1
429,0.0028514862060546875,5.1069793701171875,0.020027369260787964,0.020027369260787964,256,0.00501251220703125,8,0.020027369260787964,256,0,0,0
430,0.0026958465576171877,12.56973876953125,0.049293097108602524,0.049293097108602524,256,0.00733642578125,16,0.049293097108602524,320,0,0,0
431,0.002199554443359375,15.546234130859375,0.06096562370657921,0.06096562370657921,256,0.00334930419921875,10,0.06096562370657921,256,0,0,0
432,0.0017252872634464925,14.065917882404952,0.05516046658158302,0.05516046658158302,520,0.008554376657824934,119,0.05516046658158302,696,2,0,6
433,0.008580840455840457,8.88025462962963,0.03482452780008316,0.03482452780008316,360,0.04408950617283951,26,0.03482452780008316,360,0,0,0
434,0.0016531528816011573,10.886386494252873,0.04269171133637428,0.04269171133637428,520,0.007748950044208665,110,0.04269171133637428,696,2,0,6
435,0.004938746210354478,126.543310546875,0.7900976538658142,0.4509761333465576,256,0.08487548828125,67,0.5844473838806152,320,0,1,1
436,0.021523030598958333,124.39285888671876,0.7659674882888794,0.4625988006591797,256,0.159564208984375,15,0.5933184027671814,320,0,1,1
437,0.0013326009114583333,14.139602661132812,0.05544942617416382,0.05544942617416382,256,0.00534820556640625,15,0.05544942617416382,256,0,0,0
438,0.0016141283009651708,15.483582007073386,0.06071993708610535,0.06071993708610535,520,0.005737455791335101,143,0.06071993708610535,696,2,0,6
439,0.03352813720703125,116.21893310546875,0.7736378908157349,0.499359667301178,256,0.137274169921875,8,0.6178394556045532,320,0,1,1
440,0.0014257033765410474,23.99387986295314,0.09409365057945251,0.09409365057945251,520,0.0063881520778072505,106,0.09409365057945251,696,2,0,6
441,0.0028774073866547132,19.237442016601562,0.07544095814228058,0.07544095814228058,256,0.00971221923828125,61,0.07544095814228058,256,0,0,0
442,0.0034252166748046874,6.739837646484375,0.026430737227201462,0.026430737227201462,256,0.0079345703125,20,0.026430737227201462,256,0,0,0
443,0.002353123256138393,4.3116455078125,0.01690841279923916,0.01690841279923916,256,0.004486083984375,7,0.01690841279923916,256,0,0,0
444,0.006819196428571428,86.2969482421875,0.7575265169143677,0.6373553276062012,256,0.03721923828125,35,0.7106600403785706,320,0,1,1
445,0.001773410373263889,4.36627197265625,0.01712263561785221,0.01712263561785221,256,0.00437164306640625,9,0.01712263561785221,256,0,0,0
446,0.0014265094853149042,8.967782935455348,0.03516777604818344,0.03516777604818344,520,0.006396441202475685,147,0.03516777604818344,696,2,0,6
447,0.003601551055908203,9.739044189453125,0.03819233179092407,0.03819233179092407,256,0.0140838623046875,32,0.03819233179092407,256,0,0,0
448,0.0024049546983506945,4.209564208984375,0.01650809496641159,0.01650809496641159,256,0.00433349609375,9,0.01650809496641159,256,0,0,0
449,0.02803955078125,106.6939208984375,0.7798263430595398,0.5431720018386841,256,0.152362060546875,6,0.6441093683242798,320,0,1,1
450,0.012165270429159318,12.193217592592593,0.04781653732061386,0.04781653732061386,360,0.038622685185185184,21,0.04781653732061386,360,0,0,0
451,0.00976736111111111,10.738418209876544,0.04211144894361496,0.04211144894361496,360,0.022523148148148146,30,0.04211144894361496,360,0,0,0
452,0.004324171278211805,109.643017578125,0.7966536283493042,0.5285237431526184,256,0.02698974609375,36,0.6329781413078308,320,0,1,1
453,0.0010066252488356371,4.670684814453125,0.01831641048192978,0.01831641048192978,512,0.00929412841796875,104,0.01831641048192978,640,2,0,6
454,0.014812610229276898,9.835733024691358,0.03857150301337242,0.03857150301337242,360,0.026180555555555558,14,0.03857150301337242,360,0,0,0
455,0.004441168369391025,110.7419677734375,0.7968214750289917,0.5234009623527527,256,0.023046875,39,0.6299622058868408,320,0,1,1
456,0.0009846921826972335,20.03106689453125,0.078553207218647,0.078553207218647,256,0.00399017333984375,61,0.078553207218647,256,0,0,0
457,0.034173583984375,89.568310546875,0.8140538930892944,0.6178514957427979,256,0.034173583984375,1,0.6973355412483215,320,0,1,1
458,0.006380547417534722,67.43201904296875,0.7926084399223328,0.7281494140625,256,0.051708984375,18,0.7408818006515503,320,0,2,2
459,0.0033093407040550595,16.49908447265625,0.06470230221748352,0.06470230221748352,256,0.00649261474609375,21,0.06470230221748352,256,0,0,0
460,0.005164400972590627,16.264287687886824,0.06378151476383209,0.06378151476383209,520,0.00817169540229885,10,0.06378151476383209,696,2,0,6
461,0.0015720020640980113,7.0394439697265625,0.027605662122368813,0.027605662122368813,256,0.00438690185546875,22,0.027605662122368813,256,0,0,0
462,0.009218648473034437,10.01908950617284,0.039290543645620346,0.039290543645620346,360,0.01986111111111111,19,0.039290543645620346,360,0,0,0
463,0.009999593098958332,103.4516357421875,0.7830366492271423,0.5574373006820679,256,0.042626953125,18,0.6548502445220947,320,0,1,1
464,0.016853995198902606,8.86070987654321,0.034747883677482605,0.034747883677482605,360,0.04333719135802469,18,0.034747883677482605,360,0,0,0
465,0.0017486572265625,5.0481719970703125,0.01979675516486168,0.01979675516486168,256,0.00347137451171875,15,0.01979675516486168,256,0,0,0
466,0.017067043895747598,7.336635802469136,0.02877112291753292,0.02877112291753292,360,0.03434799382716049,9,0.02877112291753292,360,0,0,0
467,0.0014650470786629019,11.532349690539347,0.045224905014038086,0.045224905014038086,520,0.004524480548187445,124,0.045224905014038086,696,2,0,6
468,0.0067359561011904765,85.24378662109375,0.7911744117736816,0.6409314870834351,256,0.018609619140625,42,0.7064142227172852,320,0,1,1
469,0.004993658482672359,36.02499723695844,0.14127448201179504,0.14127448201179504,520,0.014961870026525199,41,0.14127448201179504,696,2,0,6
470,0.002203369140625,4.3042755126953125,0.01687951199710369,0.01687951199710369,256,0.00335693359375,10,0.01687951199710369,256,0,0,0
471,0.0018646933815696023,6.609375,0.025919120758771896,0.025919120758771896,256,0.00438690185546875,22,0.025919120758771896,256,0,0,0
472,0.0017994471958705357,4.8765106201171875,0.01912357285618782,0.01912357285618782,256,0.00311279296875,7,0.01912357285618782,256,0,0,0
473,0.010216692386831277,9.36420524691358,0.036722369492053986,0.036722369492053986,360,0.02904320987654321,24,0.036722369492053986,360,0,0,0
474,0.0022754669189453125,4.7247467041015625,0.018528418615460396,0.018528418615460396,256,0.004669189453125,8,0.018528418615460396,256,0,0,0
475,0.001994832356770833,16.297821044921875,0.0639130249619484,0.0639130249619484,256,0.003082275390625,15,0.0639130249619484,256,0,0,0
476,0.012264835858585859,10.649591049382716,0.04176310822367668,0.04176310822367668,360,0.042638888888888886,22,0.04176310822367668,360,0,0,0
477,0.001153384937959559,16.25640869140625,0.06375062465667725,0.06375062465667725,256,0.0023651123046875,17,0.06375062465667725,256,0,0,0
478,0.0014462144518850284,30.1089025198939,0.11807412654161453,0.11807412654161453,520,0.006725243147656941,122,0.11807412654161453,696,2,0,6
479,0.002941555447048611,15.863174438476562,0.06220852956175804,0.06220852956175804,256,0.0062255859375,9,0.06220852956175804,256,0,0,0
480,0.010776143790849672,10.619930555555555,0.04164678975939751,0.04164678975939751,360,0.030381944444444444,17,0.04164678975939751,360,0,0,0
481,0.0018910725911458334,7.636993408203125,0.029948994517326355,0.029948994517326355,256,0.0041046142578125,15,0.029948994517326355,256,0,0,0
482,0.008416120113168725,11.37835648148148,0.04462100565433502,0.04462100565433502,360,0.021828703703703704,24,0.04462100565433502,360,0,0,0
483,0.0016060025542784164,6.705727785145888,0.02629697322845459,0.02629697322845459,520,0.003980161361626879,90,0.02629697322845459,696,2,0,6
484,0.0018454657660590278,4.85418701171875,0.019036030396819115,0.019036030396819115,256,0.0043182373046875,9,0.019036030396819115,256,0,0,0
485,0.0017092087689568015,9.42657470703125,0.0369669646024704,0.0369669646024704,256,0.00406646728515625,34,0.0369669646024704,256,0,0,0
486,0.0030292164195667615,8.585891723632812,0.03367016464471817,0.03367016464471817,256,0.0053253173828125,22,0.03367016464471817,256,0,0,0
487,0.01198397549715909,103.18121337890625,0.7797418832778931,0.5590349435806274,256,0.0679443359375,11,0.6555435657501221,320,0,1,1
488,0.0029510498046875,3.66827392578125,0.014385387301445007,0.014385387301445007,256,0.0044708251953125,5,0.014385387301445007,256,0,0,0
489,0.0018899917602539062,11.9150390625,0.046725641936063766,0.046725641936063766,256,0.0063018798828125,40,0.046725641936063766,256,0,0,0
490,0.0037835693359375,10.062820434570312,0.03946204483509064,0.03946204483509064,256,0.0238189697265625,25,0.03946204483509064,256,0,0,0
491,0.003943634033203125,68.8540283203125,0.7958090901374817,0.7124655246734619,256,0.01776123046875,40,0.7666836977005005,320,0,2,2
492,0.0018481582025493663,7.547485632183908,0.02959798462688923,0.02959798462688923,520,0.007798684792219275,96,0.02959798462688923,696,2,0,6
493,0.008385767396184064,8.553063271604938,0.03354142606258392,0.03354142606258392,360,0.02413966049382716,22,0.03354142606258392,360,0,0,0
494,0.000942950727433486,3.564995026525199,0.01398037001490593,0.01398037001490593,520,0.0019175508399646329,11,0.01398037001490593,696,2,0,6
495,0.011720679012345678,7.455385802469136,0.02923681028187275,0.02923681028187275,360,0.028020833333333335,18,0.02923681028187275,360,0,0,0
496,0.0014946798890764408,7.13299900530504,0.027972538024187088,0.027972538024187088,520,0.0049859084880636605,110,0.027972538024187088,696,2,0,6
497,0.0013783772786458333,13.44940185546875,0.05274275690317154,0.05274275690317154,256,0.00543212890625,6,0.05274275690317154,256,0,0,0
498,0.0013623444930366848,20.487594604492188,0.08034351468086243,0.08034351468086243,256,0.00685882568359375,23,0.08034351468086243,256,0,0,0
499,0.010178338913690476,110.570361328125,0.7754622101783752,0.5258907079696655,256,0.042340087890625,21,0.6321486234664917,320,0,1,1
500,0.00429534912109375,88.919091796875,0.7894107699394226,0.6236076354980469,256,0.02943115234375,8,0.6981537342071533,320,0,1,1
501,0.0014982552363954741,22.711181640625,0.08906346559524536,0.08906346559524536,256,0.00494384765625,29,0.08906346559524536,256,0,0,0
502,0.001155671619233631,25.75299072265625,0.1009921282529831,0.1009921282529831,256,0.00295257568359375,63,0.1009921282529831,256,0,0,0
503,0.003147009647253788,9.472381591796875,0.03714659810066223,0.03714659810066223,256,0.01358795166015625,33,0.03714659810066223,256,0,0,0
504,0.0009455362955729167,17.162078857421875,0.06730227172374725,0.06730227172374725,256,0.0028533935546875,15,0.06730227172374725,256,0,0,0
505,0.0030013374660326085,8.006088256835938,0.031396426260471344,0.031396426260471344,256,0.00908660888671875,23,0.031396426260471344,256,0,0,0
506,0.023638407389322914,119.62783203125,0.7693819403648376,0.4864315092563629,256,0.235882568359375,12,0.5997413992881775,320,0,1,1
507,0.0017177875225360577,4.776397705078125,0.018730971962213516,0.018730971962213516,256,0.00310516357421875,13,0.018730971962213516,256,0,0,0
508,0.0020709991455078124,23.197128295898438,0.09096913039684296,0.09096913039684296,256,0.00760650634765625,40,0.09096913039684296,256,0,0,0
509,0.0015084402901785715,16.669815063476562,0.06537182629108429,0.06537182629108429,256,0.00395965576171875,14,0.06537182629108429,256,0,0,0
510,0.006200894442471591,88.38565673828126,0.7669854164123535,0.6276594996452332,256,0.041180419921875,44,0.7014093399047852,320,0,1,1
511,0.004533460433244916,13.388657714412025,0.052504535764455795,0.052504535764455795,520,0.006906222369584438,4,0.052504535764455795,696,2,0,6
512,0.014831381626724763,9.23045524691358,0.03619786351919174,0.03619786351919174,360,0.055177469135802466,17,0.03619786351919174,360,0,0,0
513,0.012547607421875,122.66766357421875,0.7723183035850525,0.46908536553382874,256,0.14505615234375,25,0.6012699604034424,320,0,1,1
514,0.001020669937133789,24.1943359375,0.09487976133823395,0.09487976133823395,256,0.00218963623046875,64,0.09487976133823395,256,0,0,0
515,0.0016232575201760822,45.2288682581786,0.1773681491613388,0.1773681491613388,520,0.01264920424403183,141,0.1773681491613388,696,2,0,6
516,0.001953125,4.4466094970703125,0.017437685281038284,0.017437685281038284,256,0.00405120849609375,10,0.017437685281038284,256,0,0,0
517,0.002347385182100184,18.265228271484375,0.07162834703922272,0.07162834703922272,256,0.00519561767578125,34,0.07162834703922272,256,0,0,0
518,0.0004957258701324463,49.93069934844971,0.8041934967041016,0.8041934967041016,1024,0.12867212295532227,480,0.8041934967041016,1024,1,2,5
519,0.0039955273009183116,20.09527587890625,0.07880500704050064,0.07880500704050064,256,0.01381683349609375,57,0.07880500704050064,256,0,0,0
520,0.0015311553318548797,10.516343390804598,0.04124056175351143,0.04124056175351143,520,0.005434902740937223,122,0.04124056175351143,696,2,0,6
521,0.0008356194747121711,25.914520263671875,0.10162558406591415,0.10162558406591415,256,0.00283050537109375,57,0.10162558406591415,256,0,0,0
522,0.0017681121826171875,5.469818115234375,0.021450266242027283,0.021450266242027283,256,0.00457000732421875,4,0.021450266242027283,256,0,0,0
523,0.001393404873934659,16.778594970703125,0.06579841673374176,0.06579841673374176,256,0.00325775146484375,22,0.06579841673374176,256,0,0,0
524,0.0015424092610677083,3.6776123046875,0.014422008767724037,0.014422008767724037,256,0.00376129150390625,6,0.014422008767724037,256,0,0,0
525,0.000960873885893486,25.40289306640625,0.09961919486522675,0.09961919486522675,256,0.00379180908203125,71,0.09961919486522675,256,0,0,0
526,0.003662315574852196,11.76788330078125,0.04614856466650963,0.04614856466650963,256,0.018768310546875,37,0.04614856466650963,256,0,0,0
527,0.001123989329618566,18.039505004882812,0.07074315845966339,0.07074315845966339,256,0.0030364990234375,34,0.07074315845966339,256,0,0,0
528,0.010099805421363394,11.35287037037037,0.044521063566207886,0.044521063566207886,360,0.025868055555555554,23,0.044521063566207886,360,0,0,0
529,0.003375065811350033,18.593490911106183,0.07291566580533981,0.07291566580533981,1040,0.007279081689204168,20,0.07291566580533981,1388,1,0,3
530,0.013698424301494476,14.649953703703703,0.057450808584690094,0.057450808584690094,360,0.051967592592592586,19,0.057450808584690094,360,0,0,0
531,0.011300154320987655,11.667592592592593,0.04575526714324951,0.04575526714324951,360,0.04251929012345679,21,0.04575526714324951,360,0,0,0
532,0.0014768327985491072,5.3185272216796875,0.02085696905851364,0.02085696905851364,256,0.00342559814453125,14,0.02085696905851364,256,0,0,0
533,0.0007776496148316292,4.76857849119184,0.018700305372476578,0.018700305372476578,603,0.1413842736005507,198,0.018700305372476578,1272,1,0,3
534,0.001992550411739865,109.9928466796875,0.8046277761459351,0.5257707238197327,256,0.0526123046875,111,0.6331950426101685,320,0,1,1
535,0.002133220515839041,105.44422607421875,0.802868664264679,0.5472189784049988,256,0.0152587890625,73,0.6454743146896362,320,0,1,1
536,0.001659649778296845,10.283626215738284,0.040327947586774826,0.040327947586774826,520,0.005555095048629531,134,0.040327947586774826,696,2,0,6
537,0.012654128086419752,12.73766975308642,0.049951646476984024,0.049951646476984024,360,0.024618055555555556,20,0.049951646476984024,360,0,0,0
538,0.002307891845703125,3.72576904296875,0.014610858634114265,0.014610858634114265,256,0.0044097900390625,8,0.014610858634114265,256,0,0,0
539,0.00120574951171875,18.685562133789062,0.07327672094106674,0.07327672094106674,256,0.0030364990234375,50,0.07327672094106674,256,0,0,0
540,0.0021146138509114585,16.6927490234375,0.06546176224946976,0.06546176224946976,256,0.0070343017578125,24,0.06546176224946976,256,0,0,0
541,0.0018707275390625,9.459320068359375,0.03709537535905838,0.03709537535905838,256,0.0087127685546875,35,0.03709537535905838,256,0,0,0
542,0.012394430415263748,11.870787037037037,0.046552106738090515,0.046552106738090515,360,0.045466820987654324,22,0.046552106738090515,360,0,0,0
543,0.011757651748971195,12.611875,0.0494583360850811,0.0494583360850811,360,0.03009645061728395,24,0.0494583360850811,360,0,0,0
544,0.0022144317626953125,16.02508544921875,0.06284347921609879,0.06284347921609879,256,0.00316619873046875,8,0.06284347921609879,256,0,0,0
545,0.0012049674987792969,18.0364990234375,0.07073137164115906,0.07073137164115906,256,0.00344085693359375,16,0.07073137164115906,256,0,0,0
546,0.0018332345145089285,13.79815673828125,0.05411042273044586,0.05411042273044586,256,0.00537872314453125,14,0.05411042273044586,256,0,0,0
547,0.006651560465494792,20.38441162109375,0.0799388736486435,0.0799388736486435,256,0.113543701171875,24,0.0799388736486435,320,0,0,0
548,0.0027008056640625,18.372604370117188,0.07204943150281906,0.07204943150281906,256,0.004974365234375,16,0.07204943150281906,256,0,0,0
549,0.001887234774502841,5.1010284423828125,0.0200040340423584,0.0200040340423584,256,0.00336456298828125,11,0.0200040340423584,256,0,0,0
550,0.0021148681640625,5.94049072265625,0.023296043276786804,0.023296043276786804,256,0.00466156005859375,10,0.023296043276786804,256,0,0,0
551,0.0018093970514112903,10.402206420898438,0.04079296812415123,0.04079296812415123,256,0.00592041015625,31,0.04079296812415123,256,0,0,0
552,0.0023345947265625,4.996063232421875,0.01959240436553955,0.01959240436553955,256,0.0038299560546875,7,0.01959240436553955,256,0,0,0
553,0.002054595947265625,4.74383544921875,0.01860327646136284,0.01860327646136284,256,0.00391387939453125,10,0.01860327646136284,256,0,0,0
554,0.013413539636127354,10.327932098765432,0.04050169140100479,0.04050169140100479,360,0.04826388888888889,19,0.04050169140100479,360,0,0,0
555,0.0017745695523579258,8.276041666666666,0.032455068081617355,0.032455068081617355,520,0.004641909814323607,113,0.032455068081617355,696,2,0,6
556,0.00298617436335637,13.3018798828125,0.052164237946271896,0.052164237946271896,256,0.00817108154296875,52,0.052164237946271896,256,0,0,0
557,0.011879873294346978,11.551404320987654,0.045299626886844635,0.045299626886844635,360,0.025057870370370373,19,0.045299626886844635,360,0,0,0
558,0.011111111111111112,8.408935185185186,0.032976217567920685,0.032976217567920685,360,0.023954475308641976,19,0.032976217567920685,360,0,0,0
559,0.011821864478114478,9.683364197530864,0.03797397390007973,0.03797397390007973,360,0.04205246913580247,22,0.03797397390007973,360,0,0,0
560,0.0012410481770833333,14.951797485351562,0.05863450467586517,0.05863450467586517,256,0.00189208984375,6,0.05863450467586517,256,0,0,0
561,0.0021026611328125,16.20111083984375,0.06353376805782318,0.06353376805782318,256,0.00363922119140625,20,0.06353376805782318,256,0,0,0
562,0.003078319408275463,10.533660888671875,0.04130847752094269,0.04130847752094269,256,0.01609039306640625,27,0.04130847752094269,256,0,0,0
563,0.011189278046162104,9.757515432098765,0.038264770060777664,0.038264770060777664,360,0.02753472222222222,23,0.038264770060777664,360,0,0,0
564,0.003417071174172794,17.241104125976562,0.0676121786236763,0.0676121786236763,256,0.00457763671875,17,0.0676121786236763,256,0,0,0
565,0.004325012463081062,36.249980658709106,0.14215677976608276,0.14215677976608276,520,0.011842396109637488,47,0.14215677976608276,696,2,0,6
566,0.0013406787317692909,28.669357869142353,0.11242885142564774,0.11242885142564774,520,0.0048974911582670205,103,0.11242885142564774,696,2,0,6
567,0.0009638468424479166,17.737579345703125,0.06955914199352264,0.06955914199352264,256,0.0031585693359375,39,0.06955914199352264,256,0,0,0
568,0.0018719037373860676,13.184814453125,0.05170515179634094,0.05170515179634094,256,0.005645751953125,48,0.05170515179634094,256,0,0,0
569,0.00190582275390625,4.3325653076171875,0.016990453004837036,0.016990453004837036,256,0.003814697265625,10,0.016990453004837036,256,0,0,0
570,0.0016083717346191406,11.180770874023438,0.04384616017341614,0.04384616017341614,256,0.00539398193359375,48,0.04384616017341614,256,0,0,0
571,0.0031829833984375,7.0529327392578125,0.027658559381961823,0.027658559381961823,256,0.01461029052734375,25,0.027658559381961823,256,0,0,0
572,0.0017863682338169643,7.7744293212890625,0.03048795834183693,0.03048795834183693,256,0.004364013671875,21,0.03048795834183693,256,0,0,0
573,0.003252366009880515,12.610443115234375,0.04945272579789162,0.04945272579789162,256,0.006805419921875,34,0.04945272579789162,256,0,0,0
574,0.012151559454191033,8.092006172839506,0.03173336014151573,0.03173336014151573,360,0.02347222222222222,19,0.03173336014151573,360,0,0,0
575,0.0017943633023501178,8.340834991158268,0.032709162682294846,0.032709162682294846,520,0.007279232979664014,119,0.032709162682294846,696,2,0,6
576,0.013447655571831597,29.104248046875,0.11413431912660599,0.11413431912660599,256,0.213653564453125,18,0.11413431912660599,256,0,0,0
577,0.013806508714596948,11.743433641975308,0.046052683144807816,0.046052683144807816,360,0.024259259259259258,17,0.046052683144807816,360,0,0,0
578,0.001862941644130609,22.944107055664062,0.08997690677642822,0.08997690677642822,256,0.00460052490234375,39,0.08997690677642822,256,0,0,0
579,0.0021197638887077777,38.49629793837287,0.1509658843278885,0.1509658843278885,260,0.009000221680336954,51,0.1509658843278885,347,0,0,0
580,0.0013495011763139204,11.122738647460938,0.0436185859143734,0.0436185859143734,512,0.0039337158203125,22,0.0436185859143734,640,2,0,6
581,0.003113358109085648,15.59307861328125,0.06114932894706726,0.06114932894706726,256,0.00589752197265625,27,0.06114932894706726,256,0,0,0
582,0.00232696533203125,14.643020629882812,0.057423610240221024,0.057423610240221024,256,0.00423431396484375,3,0.057423610240221024,256,0,0,0
583,0.0011739095052083334,15.4779052734375,0.06069767102599144,0.06069767102599144,256,0.00249481201171875,15,0.06069767102599144,256,0,0,0
584,0.0014694940476190476,24.814072170645446,0.09731009602546692,0.09731009602546692,520,0.006704520335985853,140,0.09731009602546692,696,2,0,6
585,0.0016880943661644345,12.259063720703125,0.04807475954294205,0.04807475954294205,256,0.00531005859375,42,0.04807475954294205,256,0,0,0
586,0.0032642071063701925,4.7610015869140625,0.018670596182346344,0.018670596182346344,256,0.01113128662109375,13,0.018670596182346344,256,0,0,0
587,0.00520318723192402,85.2898193359375,0.7686246633529663,0.6399919390678406,256,0.03524169921875,51,0.7164976000785828,320,0,1,1
588,0.0032396818462171054,17.35174560546875,0.06804606318473816,0.06804606318473816,256,0.00553131103515625,19,0.06804606318473816,256,0,0,0
589,0.007059832317073171,120.98599853515626,0.7954511642456055,0.47601303458213806,256,0.14808349609375,41,0.6009567975997925,320,0,1,1
590,0.002147420247395833,16.548553466796875,0.06489629298448563,0.06489629298448563,256,0.00347900390625,15,0.06489629298448563,256,0,0,0
591,0.002790212631225586,16.162841796875,0.06338369846343994,0.06338369846343994,256,0.00533294677734375,32,0.06338369846343994,256,0,0,0
592,0.0041666764479417065,19.44696044921875,0.07626260071992874,0.07626260071992874,256,0.01727294921875,52,0.07626260071992874,256,0,0,0
593,0.001542181017479426,9.042979111405835,0.03546266630291939,0.03546266630291939,520,0.003803326702033599,130,0.03546266630291939,696,2,0,6
594,0.013945531705948372,14.827507716049382,0.058147091418504715,0.058147091418504715,360,0.0375,22,0.058147091418504715,360,0,0,0
595,0.0009722186798612529,2.375779177718833,0.009316781535744667,0.009316781535744667,520,0.0021966180371352784,26,0.009316781535744667,696,2,0,6
596,0.010768153021442494,10.615663580246913,0.041630055755376816,0.041630055755376816,360,0.04065200617283951,19,0.041630055755376816,360,0,0,0
597,0.002716064453125,13.717422485351562,0.05379381403326988,0.05379381403326988,256,0.002716064453125,1,0.05379381403326988,256,0,0,0
598,0.0026728312174479165,5.7618560791015625,0.022595513612031937,0.022595513612031937,256,0.00458526611328125,6,0.022595513612031937,256,0,0,0
599,0.002545928955078125,17.3482666015625,0.06803242117166519,0.06803242117166519,256,0.00354766845703125,10,0.06803242117166519,256,0,0,0
600,0.0019995949485085225,4.3177642822265625,0.0169324092566967,0.0169324092566967,256,0.00371551513671875,11,0.0169324092566967,256,0,0,0
601,0.0015690037747398491,8.98089909372237,0.0352192185819149,0.0352192185819149,520,0.015260278514588858,130,0.0352192185819149,696,2,0,6
602,0.004167068836300872,14.47705078125,0.05677275359630585,0.05677275359630585,256,0.0198822021484375,43,0.05677275359630585,256,0,0,0
603,0.0012884140014648438,20.912750244140625,0.08201079070568085,0.08201079070568085,256,0.0037384033203125,24,0.08201079070568085,256,0,0,0
604,0.001224517822265625,14.200836181640625,0.05568955838680267,0.05568955838680267,256,0.00212860107421875,12,0.05568955838680267,256,0,0,0
605,0.0015692459909539473,9.822906494140625,0.03852120414376259,0.03852120414376259,256,0.00363922119140625,38,0.03852120414376259,256,0,0,0
606,0.007213857222576531,81.26082763671874,0.7874870896339417,0.6612509489059448,256,0.1738037109375,49,0.7127532362937927,320,0,2,2
607,0.0025151570638020835,5.506622314453125,0.02159459888935089,0.02159459888935089,256,0.0035552978515625,6,0.02159459888935089,256,0,0,0
608,0.0079559326171875,83.57049560546875,0.7857486009597778,0.6450114250183105,256,0.034698486328125,36,0.7254542112350464,320,0,2,2
609,0.003021240234375,15.518829345703125,0.06085816025733948,0.06085816025733948,256,0.005096435546875,7,0.06085816025733948,256,0,0,0
610,0.006284433040978773,116.668017578125,0.7775740027427673,0.49756622314453125,256,0.124432373046875,53,0.6143051385879517,320,0,1,1
611,0.0020395914713541665,15.333145141601562,0.060129985213279724,0.060129985213279724,256,0.00333404541015625,9,0.060129985213279724,256,0,0,0
612,0.00095367431640625,13.890274047851562,0.054471664130687714,0.054471664130687714,256,0.00153350830078125,11,0.054471664130687714,256,0,0,0
613,0.0016749655720131767,8.658380305039788,0.0339544340968132,0.0339544340968132,520,0.0033681476569407606,113,0.0339544340968132,696,2,0,6
614,0.0013789301333220108,24.687164306640625,0.0968124270439148,0.0968124270439148,256,0.00376129150390625,69,0.0968124270439148,256,0,0,0
615,0.005927385602678571,77.966552734375,0.7699347734451294,0.6740279197692871,256,0.051800537109375,35,0.7366894483566284,320,0,2,2
616,0.001053754021139706,24.549468994140625,0.09627243876457214,0.09627243876457214,256,0.0040283203125,68,0.09627243876457214,256,0,0,0
617,0.0035037994384765625,13.162063598632812,0.05161594599485397,0.05161594599485397,256,0.0172271728515625,40,0.05161594599485397,256,0,0,0
618,0.000922707950367647,21.119308471679688,0.082820825278759,0.082820825278759,256,0.0019683837890625,51,0.082820825278759,256,0,0,0
619,0.0009644337189503205,21.97998046875,0.08619601279497147,0.08619601279497147,256,0.003753662109375,39,0.08619601279497147,256,0,0,0
620,0.006858856823979592,91.2375244140625,0.7730268836021423,0.6109128594398499,256,0.081005859375,49,0.7031040787696838,320,0,1,1
621,0.0040749141148158485,10.2099609375,0.0400390662252903,0.0400390662252903,256,0.00928497314453125,28,0.0400390662252903,256,0,0,0
622,0.00380485113875423,24.11979719274978,0.09458745270967484,0.09458745270967484,520,0.0061698717948717955,29,0.09458745270967484,696,2,0,6
623,0.0020134665749289775,4.712493896484375,0.018480369821190834,0.018480369821190834,256,0.0028839111328125,11,0.018480369821190834,256,0,0,0
624,0.009843162909286097,12.030432098765433,0.04717816412448883,0.04717816412448883,360,0.024857253086419753,23,0.04717816412448883,360,0,0,0
625,0.013144793344068706,13.122438271604938,0.051460545510053635,0.051460545510053635,360,0.02957561728395062,23,0.051460545510053635,360,0,0,0
626,0.0022114345005580355,10.48834228515625,0.041130755096673965,0.041130755096673965,256,0.0066070556640625,28,0.041130755096673965,256,0,0,0
627,0.0031039898212139425,13.517608642578125,0.053010232746601105,0.053010232746601105,256,0.0166473388671875,52,0.053010232746601105,256,0,0,0
628,0.0018753070029705718,12.992908883256673,0.05095259100198746,0.05095259100198746,603,0.37383444413154354,210,0.05095259100198746,1272,1,0,3
629,0.0025968551635742188,5.1448211669921875,0.020175769925117493,0.020175769925117493,256,0.00675201416015625,8,0.020175769925117493,256,0,0,0
630,0.0017386988589638158,7.46343994140625,0.02926839329302311,0.02926839329302311,256,0.0054473876953125,19,0.02926839329302311,256,0,0,0
631,0.003353373209635417,13.006546020507812,0.051006071269512177,0.051006071269512177,256,0.0124053955078125,45,0.051006071269512177,256,0,0,0
632,0.006586456298828125,51.48411865234375,0.8226972818374634,0.795604944229126,256,0.013665771484375,8,0.797968327999115,320,0,2,2
633,0.0005760862184605999,0.9830316447114532,0.0038550253957509995,0.0038550253957509995,603,0.022058209998226896,49,0.0038550253957509995,1272,1,0,3
634,0.004630068207654415,15.831860632183908,0.06208574399352074,0.06208574399352074,520,0.010869805481874446,14,0.06208574399352074,696,2,0,6
635,0.002846611870659722,14.038131713867188,0.05505150184035301,0.05505150184035301,256,0.00588226318359375,18,0.05505150184035301,256,0,0,0
636,0.002383550008138021,16.058151245117188,0.06297314167022705,0.06297314167022705,256,0.0033416748046875,12,0.06297314167022705,256,0,0,0
637,0.0039045854048295457,17.936126708984375,0.07033775746822357,0.07033775746822357,256,0.02111053466796875,55,0.07033775746822357,256,0,0,0
638,0.0016994476318359375,4.322265625,0.016950061544775963,0.016950061544775963,256,0.0031890869140625,8,0.016950061544775963,256,0,0,0
639,0.019988977072310402,7.913541666666666,0.03103349730372429,0.03103349730372429,360,0.0656520061728395,14,0.03103349730372429,360,0,0,0
640,0.000953926296409117,11.167526245117188,0.04379422590136528,0.04379422590136528,512,0.02262420654296875,109,0.04379422590136528,640,2,0,6
641,0.005001988904229526,11.488128662109375,0.045051489025354385,0.045051489025354385,256,0.0217742919921875,29,0.045051489025354385,256,0,0,0
642,0.006108194986979167,110.46793212890626,0.7758814692497253,0.527674674987793,256,0.032818603515625,30,0.6277871131896973,320,0,1,1
643,0.0021985371907552085,4.882537841796875,0.019147207960486412,0.019147207960486412,256,0.0053253173828125,12,0.019147207960486412,256,0,0,0
644,0.002354515923394097,18.563232421875,0.07279700040817261,0.07279700040817261,256,0.00467681884765625,18,0.07279700040817261,256,0,0,0
645,0.002914216783311632,9.528396606445312,0.03736626356840134,0.03736626356840134,256,0.00548553466796875,36,0.03736626356840134,256,0,0,0
646,0.00186614990234375,8.325836181640625,0.03265034034848213,0.03265034034848213,256,0.0053558349609375,30,0.03265034034848213,256,0,0,0
647,0.017454833984375,124.7102294921875,0.7802544832229614,0.4381949305534363,256,0.94356689453125,70,0.5612912178039551,320,0,1,1
648,0.0019462222144717262,8.64630126953125,0.03390706703066826,0.03390706703066826,256,0.00440216064453125,21,0.03390706703066826,256,0,0,0
649,0.01242201278659612,10.663935185185185,0.04181935638189316,0.04181935638189316,360,0.0427391975308642,14,0.04181935638189316,360,0,0,0
650,0.00124969482421875,14.876815795898438,0.05834046006202698,0.05834046006202698,256,0.0025787353515625,5,0.05834046006202698,256,0,0,0
651,0.0020159207857572115,10.679397583007812,0.041879989206790924,0.041879989206790924,256,0.00580596923828125,39,0.041879989206790924,256,0,0,0
652,0.001349505256204044,18.765167236328125,0.07358890026807785,0.07358890026807785,256,0.00373077392578125,34,0.07358890026807785,256,0,0,0
653,0.0016675150371726379,18.50010223253758,0.07254943251609802,0.07254943251609802,520,0.006929708222811671,71,0.07254943251609802,696,2,0,6
654,0.00161285400390625,5.9008941650390625,0.023140762001276016,0.023140762001276016,256,0.00249481201171875,10,0.023140762001276016,256,0,0,0
655,0.0027751216182002316,8.249420166015625,0.03235067054629326,0.03235067054629326,256,0.0072174072265625,27,0.03235067054629326,256,0,0,0
656,0.0019505818684895833,3.6895599365234375,0.014468863606452942,0.014468863606452942,256,0.004119873046875,6,0.014468863606452942,256,0,0,0
657,0.003588462362484056,13.54559326171875,0.053119976073503494,0.053119976073503494,256,0.01459503173828125,49,0.053119976073503494,256,0,0,0
658,0.004913012186686198,11.8309326171875,0.046395815908908844,0.046395815908908844,256,0.0218505859375,24,0.046395815908908844,256,0,0,0
659,0.002987625027630415,16.566116821396992,0.06496516615152359,0.06496516615152359,520,0.0069863505747126435,16,0.06496516615152359,696,2,0,6
660,0.0018914540608723958,16.050506591796875,0.06294316798448563,0.06294316798448563,256,0.00295257568359375,12,0.06294316798448563,256,0,0,0
661,0.0010574803207859848,19.453216552734375,0.07628712803125381,0.07628712803125381,256,0.00264739990234375,33,0.07628712803125381,256,0,0,0
662,0.0046125908733667354,17.310983090185676,0.06788621097803116,0.06788621097803116,520,0.006689323607427055,18,0.06788621097803116,696,2,0,6
663,0.0018418629964192708,3.8907623291015625,0.015257892198860645,0.015257892198860645,256,0.0041046142578125,12,0.015257892198860645,256,0,0,0
664,0.01331551293356849,12.129398148148148,0.04756626859307289,0.04756626859307289,360,0.04108796296296296,21,0.04756626859307289,360,0,0,0
